username,firstName,lastName,country,dateJoined,phone,email,dateOfBirth
jdunkerk0,Jenilee,Dunkerk,Ukraine,2023-11-14,607-618-7795,jdunkerk0@blinklist.com,1962-12-15
ganan1,Gallard,Anan,Indonesia,2023-10-12,468-294-8821,ganan1@github.io,1970-06-08
bcammock2,Billie,Cammock,Russia,2023-08-14,780-509-0584,bcammock2@naver.com,1969-04-15
gjohnes3,Garreth,Johnes,Portugal,2023-06-30,655-756-9614,gjohnes3@un.org,1996-02-09
dbrende4,Debbie,Brende,China,2023-03-17,660-951-7587,dbrende4@etsy.com,1966-03-07
wrobertacci5,Waiter,Robertacci,China,2023-07-23,192-498-0987,wrobertacci5@boston.com,2007-11-10
acreelman6,Ari,Creelman,Nigeria,2023-08-26,259-679-7603,acreelman6@multiply.com,2008-02-03
gatger7,Giacomo,Atger,Portugal,2023-11-16,855-286-4821,gatger7@google.fr,1990-11-25
mlongmate8,Marne,Longmate,Indonesia,2023-04-02,907-558-1616,mlongmate8@devhub.com,1983-11-16
tdarleston9,Teddy,Darleston,Norway,2023-02-02,364-485-5508,tdarleston9@hexun.com,1960-02-10
mjardina,Markus,Jardin,Venezuela,2023-05-14,846-117-5985,mjardina@arstechnica.com,1994-04-16
sredrupb,Sherlock,Redrup,China,2023-09-22,410-504-9294,sredrupb@yandex.ru,2008-04-06
afawdriec,Amata,Fawdrie,Indonesia,2023-03-26,888-954-0836,afawdriec@craigslist.org,1951-08-27
tbeckwithd,Theresina,Beckwith,China,2023-11-28,621-514-7698,tbeckwithd@vistaprint.com,1941-10-29
nrobbertse,Nealy,Robberts,Indonesia,2022-12-13,262-425-4860,nrobbertse@wordpress.com,2020-01-21
cmattinglyf,Camila,Mattingly,Indonesia,2023-07-05,221-243-9717,cmattinglyf@stumbleupon.com,1983-09-15
ibarkessg,Iolanthe,Barkess,Nigeria,2023-05-22,852-707-0747,ibarkessg@furl.net,1984-05-26
cmyttonh,Conchita,Mytton,Peru,2023-01-14,368-718-0248,cmyttonh@bloomberg.com,1969-08-15
wbartoseki,Wylie,Bartosek,Poland,2023-03-22,627-122-3404,wbartoseki@furl.net,2011-02-10
dthorj,Daphna,Thor,China,2023-09-08,274-757-7651,dthorj@google.com.hk,1963-12-07
jstetsonk,Jacenta,Stetson,Indonesia,2023-04-20,651-985-4316,jstetsonk@wiley.com,1971-12-23
bgribbinl,Brianne,Gribbin,Honduras,2022-12-24,693-101-1743,bgribbinl@t-online.de,1956-04-22
agrahlmansm,Adiana,Grahlmans,France,2023-11-01,379-702-8488,agrahlmansm@unc.edu,1942-06-05
kgamblesn,Kerwinn,Gambles,Albania,2023-02-05,232-982-9497,kgamblesn@tripadvisor.com,2023-06-03
cwroughtono,Crissy,Wroughton,Colombia,2023-02-09,850-143-1330,cwroughtono@fastcompany.com,1990-04-17
spesticciop,Suzie,Pesticcio,China,2023-08-02,135-900-9594,spesticciop@cyberchimps.com,1965-04-01
csullivanq,Currie,Sullivan,Netherlands,2023-04-08,495-457-6112,csullivanq@arizona.edu,1991-12-10
mmccallamr,Minette,McCallam,Georgia,2023-08-24,193-864-2851,mmccallamr@skype.com,1958-08-18
apimbleys,Abbe,Pimbley,China,2023-01-17,669-778-6253,apimbleys@tiny.cc,1968-10-01
erichardssont,Eveleen,Richardsson,Madagascar,2023-02-15,864-187-4884,erichardssont@ucoz.ru,1963-07-05
vpaolucciu,Valery,Paolucci,Morocco,2023-09-07,665-975-1583,vpaolucciu@homestead.com,1965-02-11
dfurseyv,Delia,Fursey,Portugal,2023-01-08,542-466-9931,dfurseyv@businesswire.com,1971-01-03
ascheuw,Arnold,Scheu,Canada,2022-12-13,949-927-6355,ascheuw@patch.com,1979-11-22
npryddenx,Nonah,Prydden,Sweden,2023-07-23,288-584-3736,npryddenx@latimes.com,1944-01-04
cgillfordy,Cobby,Gillford,Russia,2023-08-15,458-755-2355,cgillfordy@wikispaces.com,1945-09-17
moxendenz,Marchall,Oxenden,Indonesia,2023-10-06,747-938-1758,moxendenz@archive.org,1958-04-09
ksomerled10,Krystle,Somerled,China,2022-12-10,145-502-4111,ksomerled10@bigcartel.com,1991-09-02
aelgy11,Alexis,Elgy,Brazil,2023-05-26,604-243-5675,aelgy11@yale.edu,1963-03-05
dmurphey12,Dorisa,Murphey,Nigeria,2023-03-04,631-443-1103,dmurphey12@symantec.com,1945-06-29
washbe13,Wash,Ashbe,Pakistan,2023-07-28,906-992-4597,washbe13@spiegel.de,1965-02-12
ashelford14,Ansell,Shelford,Portugal,2023-01-02,798-438-9217,ashelford14@intel.com,1995-02-19
mdurrad15,Myer,Durrad,China,2023-02-19,583-920-0663,mdurrad15@dedecms.com,1987-06-26
jbissiker16,Janette,Bissiker,Russia,2023-06-06,915-836-8778,jbissiker16@imageshack.us,2018-10-01
ciacovazzi17,Christopher,Iacovazzi,Egypt,2023-02-25,752-611-7455,ciacovazzi17@so-net.ne.jp,2001-02-02
chyland18,Catlee,Hyland,China,2023-06-06,172-950-9128,chyland18@blinklist.com,1946-10-24
pchoffin19,Phyllis,Choffin,Canada,2023-04-25,372-432-2392,pchoffin19@msu.edu,1982-09-27
wjurca1a,Warren,Jurca,Philippines,2023-07-14,874-875-6252,wjurca1a@dailymail.co.uk,2005-10-05
pdeath1b,Price,Death,Lithuania,2023-05-10,244-393-7509,pdeath1b@ibm.com,2008-09-16
fokane1c,Fifine,O'Kane,Uganda,2023-08-17,435-475-0973,fokane1c@mtv.com,1960-05-26
ggreenman1d,Gilbertina,Greenman,China,2023-10-10,147-722-8645,ggreenman1d@prlog.org,2006-01-09
mgoldstraw1e,Mariana,Goldstraw,Poland,2023-11-16,173-279-5489,mgoldstraw1e@squidoo.com,2022-06-24
gstammler1f,Gerti,Stammler,China,2023-07-09,306-316-1849,gstammler1f@discovery.com,1999-05-05
afermor1g,Auberta,Fermor,Philippines,2023-06-14,164-815-3576,afermor1g@un.org,1984-12-11
sconor1h,Syman,Conor,China,2023-01-18,773-378-0644,sconor1h@guardian.co.uk,1985-07-15
yvannar1i,Yehudit,Vannar,Germany,2023-11-25,698-792-8397,yvannar1i@youtu.be,1947-01-17
njosefovic1j,Nadya,Josefovic,Russia,2023-06-15,366-594-3490,njosefovic1j@discovery.com,1954-07-06
hvearncombe1k,Halsey,Vearncombe,Cameroon,2023-06-02,948-537-9946,hvearncombe1k@studiopress.com,1944-10-19
bclandillon1l,Brody,Clandillon,Ukraine,2023-09-18,759-410-9833,bclandillon1l@shop-pro.jp,1971-04-11
rmeriguet1m,Rafaello,Meriguet,Indonesia,2023-07-29,415-605-3256,rmeriguet1m@weibo.com,1948-05-07
mshilvock1n,Marlyn,Shilvock,United States,2023-11-17,727-866-7048,mshilvock1n@auda.org.au,2020-11-17
lstalman1o,Lennie,Stalman,Colombia,2023-10-16,682-207-6932,lstalman1o@smugmug.com,2021-06-11
cbillsberry1p,Christean,Billsberry,France,2023-05-07,468-874-4610,cbillsberry1p@myspace.com,1963-03-07
alanglois1q,Antony,Langlois,Japan,2023-07-09,575-830-3643,alanglois1q@sfgate.com,1943-09-25
lkleynermans1r,Lenka,Kleynermans,Nicaragua,2023-04-20,908-741-0710,lkleynermans1r@rediff.com,1971-06-05
pteck1s,Prue,Teck,Indonesia,2023-01-26,663-354-6693,pteck1s@dot.gov,1977-03-17
asoames1t,Aura,Soames,China,2023-06-15,867-829-5134,asoames1t@cpanel.net,1961-04-24
jandreotti1u,Jeannie,Andreotti,Costa Rica,2023-02-22,594-915-1641,jandreotti1u@netvibes.com,1968-05-07
pjouannisson1v,Prue,Jouannisson,Mongolia,2023-05-17,132-640-1454,pjouannisson1v@chicagotribune.com,1997-09-04
gboys1w,Georgianne,Boys,Panama,2023-07-29,224-274-9386,gboys1w@networksolutions.com,1954-08-01
rdaleman1x,Reese,Daleman,China,2023-01-17,892-937-0700,rdaleman1x@mapy.cz,1978-09-26
rkinnerley1y,Ritchie,Kinnerley,Ukraine,2022-12-16,369-985-4274,rkinnerley1y@mashable.com,1945-12-11
bsaffin1z,Biron,Saffin,China,2023-09-12,971-787-3581,bsaffin1z@ft.com,1963-01-06
mstovin20,Mendel,Stovin,Portugal,2023-03-10,446-249-4794,mstovin20@usda.gov,1945-05-17
whosier21,Waly,Hosier,Russia,2023-01-07,693-294-1934,whosier21@tiny.cc,2002-06-09
jiverson22,Julian,Iverson,United States,2023-02-11,504-625-2448,jiverson22@nbcnews.com,1951-07-16
mschollick23,Milicent,Schollick,China,2022-12-06,318-495-4282,mschollick23@unicef.org,2018-12-06
ktoun24,Katusha,Toun,China,2023-03-22,614-486-9466,ktoun24@dell.com,1997-01-26
dburt25,Dori,Burt,Indonesia,2023-12-07,390-877-7404,dburt25@chron.com,1944-01-18
dlambole26,Dena,Lambole,Brazil,2023-09-13,737-636-9700,dlambole26@vistaprint.com,1964-12-06
dtorrese27,Davina,Torrese,Albania,2023-07-14,903-699-4643,dtorrese27@ustream.tv,2007-05-19
adrowsfield28,Arlena,Drowsfield,Brazil,2022-12-21,913-297-5225,adrowsfield28@ifeng.com,1957-07-22
rmcilriach29,Rogers,McIlriach,El Salvador,2023-08-15,587-865-3242,rmcilriach29@macromedia.com,2007-12-11
gescritt2a,Giulia,Escritt,Mauritius,2023-03-19,764-470-9658,gescritt2a@cbsnews.com,2020-07-21
cbeckett2b,Courtney,Beckett,Azerbaijan,2023-08-17,197-667-3915,cbeckett2b@thetimes.co.uk,2001-08-03
tmacari2c,Tilda,Macari,France,2023-09-18,765-372-4528,tmacari2c@twitter.com,1996-02-17
smadigan2d,Sunny,Madigan,France,2023-10-07,521-442-3332,smadigan2d@networkadvertising.org,2009-05-25
dmcquirk2e,Donica,McQuirk,Indonesia,2023-08-28,296-265-4669,dmcquirk2e@netlog.com,1941-08-13
cgeke2f,Cliff,Geke,Greece,2023-07-09,178-409-7524,cgeke2f@cisco.com,2015-08-11
whastie2g,Woodrow,Hastie,Poland,2023-07-14,996-347-6749,whastie2g@earthlink.net,1957-03-04
pkofax2h,Patrice,Kofax,Indonesia,2023-06-25,634-731-5645,pkofax2h@diigo.com,1955-10-06
kdagworthy2i,Katerina,Dagworthy,Ukraine,2023-08-09,813-325-0785,kdagworthy2i@csmonitor.com,1976-12-04
mredwing2j,Maridel,Redwing,Indonesia,2023-11-21,397-859-1289,mredwing2j@biblegateway.com,1969-02-12
cisham2k,Callie,Isham,Iran,2023-11-13,524-145-0647,cisham2k@psu.edu,2007-05-14
arichen2l,Alessandra,Richen,Russia,2023-03-05,414-894-0227,arichen2l@cbslocal.com,2011-01-10
awerrit2m,Arlana,Werrit,Brazil,2023-06-16,921-142-7857,awerrit2m@mac.com,2007-04-02
bbrandrick2n,Betti,Brandrick,Portugal,2022-12-14,626-332-5113,bbrandrick2n@flavors.me,1990-03-04
atruscott2o,Addison,Truscott,Philippines,2022-12-07,916-219-7789,atruscott2o@e-recht24.de,1965-04-26
rwaterdrinker2p,Royal,Waterdrinker,Canada,2023-07-20,183-289-7565,rwaterdrinker2p@noaa.gov,1970-06-04
dmichelotti2q,Dieter,Michelotti,France,2023-01-28,312-242-7612,dmichelotti2q@hhs.gov,2018-10-27
msergant2r,Michele,Sergant,Tanzania,2023-07-25,421-294-0986,msergant2r@earthlink.net,1950-11-01
