institution,dateUsed,dateJoined,contactFirstName,contactLastName,contactPhone,contactEmail,researcherID
Advanced Research Labs,8/1/2023,8/11/2023,Hadlee,Coggins,889-213-3597,hcoggins0@telegraph.co.uk,1
Global Analytics,11/24/2023,11/6/2023,Bear,Boshell,237-428-2815,bboshell1@flavors.me,2
Research Innovators,7/5/2023,9/28/2023,Olwen,Press,667-687-4109,opress2@themeforest.net,3
Knowledge Quest,1/6/2023,2/15/2023,Hebert,Warder,237-668-6096,hwarder3@accuweather.com,4
Global Analytics,11/29/2023,9/3/2023,Bride,Barriball,943-359-2403,bbarriball4@blogtalkradio.com,5
Tech Research Co.,1/13/2023,6/2/2023,Greer,Jimmison,460-869-1838,gjimmison5@google.de,6
Acme Research,1/11/2023,1/7/2023,Carley,McCloy,676-292-2675,cmccloy6@freewebs.com,7
Discovery Research,10/27/2023,11/8/2023,Vinny,Chugg,914-109-3547,vchugg7@google.pl,8
Insightful Analytics,12/29/2022,1/13/2023,Rafa,Marnes,269-675-5489,rmarnes8@chronoengine.com,9
Global Analytics,5/5/2023,4/21/2023,Sibbie,Philipson,298-852-4996,sphilipson9@purevolume.com,10
Insightful Analytics,8/22/2023,6/23/2023,Cameron,Vandenhoff,291-408-6955,cvandenhoffa@marriott.com,11
Advanced Research Labs,3/18/2023,6/14/2023,Hersh,McMechan,144-516-7952,hmcmechanb@shop-pro.jp,12
Innovate Solutions,4/15/2023,10/23/2023,Ara,Chave,325-117-2149,achavec@netscape.com,13
Knowledge Quest,6/30/2023,10/8/2023,Laure,Doutch,242-696-9799,ldoutchd@creativecommons.org,14
Insightful Analytics,7/18/2023,6/26/2023,Russell,Ingree,883-973-8500,ringreee@ox.ac.uk,15
Research Innovators,12/21/2022,3/26/2023,Judye,McGrale,985-613-0872,jmcgralef@godaddy.com,16
Innovate Solutions,12/23/2022,10/19/2023,Kasey,Gludor,109-315-5174,kgludorg@nationalgeographic.com,17
Global Analytics,12/1/2023,12/31/2022,Kally,Delacroux,724-799-5442,kdelacrouxh@odnoklassniki.ru,18
Innovate Solutions,7/4/2023,5/3/2023,Niles,Blooman,486-107-1466,nbloomani@bigcartel.com,19
Acme Research,5/28/2023,6/24/2023,Lefty,Fuxman,531-405-3499,lfuxmanj@qq.com,20
Global Analytics,1/20/2023,2/3/2023,Janey,Wheatcroft,799-170-5704,jwheatcroftk@scribd.com,21
Research Innovators,1/28/2023,3/24/2023,Shalom,Creus,785-415-5790,screusl@hao123.com,22
Acme Research,3/22/2023,5/21/2023,Agathe,Sellek,352-952-1813,asellekm@whitehouse.gov,23
Innovate Solutions,3/5/2023,5/4/2023,Berk,Bottini,765-495-1831,bbottinin@berkeley.edu,24
Innovate Solutions,4/12/2023,4/2/2023,Loralee,Salomon,530-972-3040,lsalomono@nationalgeographic.com,25
Tech Research Co.,11/7/2023,9/14/2023,Laurianne,Lewington,917-225-4986,llewingtonp@sbwire.com,26
Insightful Analytics,6/1/2023,1/10/2023,Christin,Nardrup,880-946-4084,cnardrupq@virginia.edu,27
Advanced Research Labs,6/13/2023,12/2/2023,Angelique,Benny,676-869-5041,abennyr@auda.org.au,28
Discovery Research,2/3/2023,12/26/2022,Zulema,Life,222-591-3624,zlifes@sitemeter.com,29
Innovate Solutions,1/3/2023,10/20/2023,Shoshanna,Pires,364-520-0037,spirest@paginegialle.it,30
Knowledge Quest,12/1/2023,12/7/2023,Lorelei,Andrewartha,835-885-5069,landrewarthau@springer.com,31
Data Insights Inc.,10/19/2023,12/13/2022,Kippie,O'Dyvoy,809-407-7047,kodyvoyv@chicagotribune.com,32
Acme Research,5/1/2023,7/10/2023,Jere,Garford,480-409-1892,jgarfordw@cdc.gov,33
Discovery Research,8/25/2023,5/12/2023,Dimitry,Sieghart,499-546-1132,dsieghartx@blogs.com,34
Knowledge Quest,3/6/2023,8/7/2023,Francesca,Euplate,365-944-1454,feuplatey@imgur.com,35
Innovate Solutions,8/31/2023,1/3/2023,Dukey,Auty,144-860-8662,dautyz@angelfire.com,36
Tech Research Co.,5/18/2023,1/9/2023,Northrup,Engeham,824-818-3392,nengeham10@gravatar.com,37
Insightful Analytics,11/29/2023,5/5/2023,Vasili,Storrock,604-568-9698,vstorrock11@mayoclinic.com,38
Advanced Research Labs,3/21/2023,11/11/2023,Trueman,Esel,381-946-6669,tesel12@princeton.edu,39
Advanced Research Labs,7/5/2023,7/26/2023,Ula,Velareal,286-895-6052,uvelareal13@xinhuanet.com,40
Knowledge Quest,8/25/2023,7/20/2023,Caty,Rorke,489-638-5150,crorke14@webnode.com,41
Knowledge Quest,10/7/2023,1/22/2023,Berk,Crowne,877-130-3239,bcrowne15@hatena.ne.jp,42
Tech Research Co.,1/9/2023,7/23/2023,Dawna,Spracklin,406-904-0250,dspracklin16@indiatimes.com,43
Discovery Research,12/7/2023,1/1/2023,Nerta,Gay,677-429-1208,ngay17@google.it,44
Acme Research,9/4/2023,7/21/2023,Enos,Gallamore,159-898-5973,egallamore18@craigslist.org,45
Tech Research Co.,9/21/2023,11/23/2023,Roana,Rustidge,672-171-9685,rrustidge19@studiopress.com,46
Discovery Research,4/26/2023,5/29/2023,Elicia,McCafferky,521-508-5667,emccafferky1a@youku.com,47
Research Innovators,6/1/2023,3/11/2023,Arron,Dowthwaite,590-432-6573,adowthwaite1b@usda.gov,48
Tech Research Co.,9/13/2023,8/12/2023,Roseline,Cargo,511-612-1905,rcargo1c@admin.ch,49
Acme Research,3/8/2023,2/26/2023,Ingelbert,Vidgen,841-469-9704,ividgen1d@eventbrite.com,50
Research Innovators,10/17/2023,2/8/2023,Yalonda,Perrelli,793-517-7852,yperrelli1e@pagesperso-orange.fr,51
Insightful Analytics,5/30/2023,9/14/2023,Nelly,Brownrigg,347-589-4987,nbrownrigg1f@smh.com.au,52
Data Insights Inc.,9/9/2023,5/7/2023,Jodi,Yansons,300-586-1554,jyansons1g@gizmodo.com,53
Knowledge Quest,10/16/2023,12/3/2023,Agnese,Kinnane,727-928-6558,akinnane1h@chicagotribune.com,54
Discovery Research,12/1/2023,1/13/2023,Judith,Spafford,762-285-5594,jspafford1i@ucoz.com,55
Advanced Research Labs,10/2/2023,4/2/2023,Konstance,Cradey,884-314-2377,kcradey1j@businesswire.com,56
Knowledge Quest,1/13/2023,1/8/2023,Weylin,Gentzsch,993-520-4836,wgentzsch1k@goo.gl,57
Knowledge Quest,1/7/2023,2/25/2023,Eduardo,Woolcocks,895-677-7222,ewoolcocks1l@51.la,58
Advanced Research Labs,11/7/2023,1/5/2023,Randi,Henderson,983-884-0537,rhenderson1m@java.com,59
Discovery Research,12/12/2022,5/26/2023,Paten,Fuentes,574-782-4952,pfuentes1n@paypal.com,60
Discovery Research,5/12/2023,5/6/2023,Bram,Ginity,854-777-0250,bginity1o@wsj.com,61
Data Insights Inc.,5/18/2023,5/1/2023,Brandy,Suscens,987-514-5522,bsuscens1p@amazon.co.jp,62
Insightful Analytics,5/27/2023,1/3/2023,Wren,Semrad,830-134-2241,wsemrad1q@abc.net.au,63
Tech Research Co.,12/31/2022,11/15/2023,Karrah,Willbourne,379-279-8685,kwillbourne1r@issuu.com,64
Discovery Research,6/22/2023,8/31/2023,Angel,Godby,795-422-5639,agodby1s@spiegel.de,65
Tech Research Co.,1/30/2023,9/4/2023,Tory,Gooders,562-849-7718,tgooders1t@dyndns.org,66
Acme Research,7/31/2023,12/8/2022,Tadio,Breeze,239-825-9216,tbreeze1u@scribd.com,67
Knowledge Quest,1/18/2023,12/26/2022,Ketty,Denning,950-852-5199,kdenning1v@godaddy.com,68
Global Analytics,4/10/2023,3/2/2023,Emelen,Wadeson,553-850-1971,ewadeson1w@e-recht24.de,69
Global Analytics,7/18/2023,6/1/2023,Dolly,Chellam,135-810-0696,dchellam1x@usnews.com,70
Advanced Research Labs,10/30/2023,2/7/2023,Gwenore,Iacomelli,116-243-7275,giacomelli1y@yolasite.com,71
Data Insights Inc.,7/31/2023,6/10/2023,Aryn,Soreau,942-542-5448,asoreau1z@newsvine.com,72
Research Innovators,8/28/2023,7/13/2023,Angelina,Dealy,369-288-9798,adealy20@sciencedaily.com,73
Tech Research Co.,12/5/2023,4/11/2023,Yoko,Philippault,412-816-1546,yphilippault21@ca.gov,74
Innovate Solutions,1/7/2023,2/2/2023,Meggie,Moggach,501-223-1329,mmoggach22@netlog.com,75
Discovery Research,2/27/2023,11/7/2023,Livvyy,Sangwine,447-692-7359,lsangwine23@unicef.org,76
Global Analytics,1/28/2023,9/1/2023,Oona,Gergely,833-499-4459,ogergely24@icq.com,77
Research Innovators,9/30/2023,8/3/2023,Tobey,Chazerand,886-942-9794,tchazerand25@skype.com,78
Advanced Research Labs,8/9/2023,1/12/2023,Ardeen,Dumphy,688-329-3541,adumphy26@blinklist.com,79
Innovate Solutions,3/20/2023,4/26/2023,Tristam,Steffan,761-687-9133,tsteffan27@so-net.ne.jp,80
Data Insights Inc.,2/27/2023,9/9/2023,Kellen,Fragino,981-758-2960,kfragino28@oakley.com,81
Global Analytics,1/27/2023,9/2/2023,Vivie,Bysouth,516-347-8894,vbysouth29@example.com,82
Data Insights Inc.,11/22/2023,9/29/2023,Felicdad,Bagwell,649-697-6221,fbagwell2a@mac.com,83
Global Analytics,3/6/2023,10/16/2023,Chet,Brandham,339-737-4422,cbrandham2b@g.co,84
Research Innovators,7/7/2023,12/5/2022,Eustacia,Albasini,745-390-1092,ealbasini2c@i2i.jp,85
Innovate Solutions,2/13/2023,9/2/2023,Gleda,O'Downe,675-556-8153,godowne2d@netvibes.com,86
Insightful Analytics,2/11/2023,10/4/2023,Charlene,Ilyinykh,536-301-6441,cilyinykh2e@patch.com,87
Tech Research Co.,3/20/2023,6/15/2023,Veronika,Paternoster,935-567-9998,vpaternoster2f@cpanel.net,88
Acme Research,11/9/2023,4/9/2023,Georgiana,Dodimead,142-109-1137,gdodimead2g@acquirethisname.com,89
Tech Research Co.,1/5/2023,8/1/2023,Karyn,Randalson,392-578-5436,krandalson2h@bloglines.com,90
Research Innovators,9/3/2023,7/12/2023,Porter,Turneaux,284-392-7941,pturneaux2i@w3.org,91
Research Innovators,11/8/2023,11/26/2023,Mort,Love,412-161-8907,mlove2j@geocities.com,92
Acme Research,8/7/2023,12/4/2023,Cyndia,McMonnies,419-441-9903,cmcmonnies2k@virginia.edu,93
Data Insights Inc.,4/27/2023,1/10/2023,Christoffer,Frankowski,894-717-0756,cfrankowski2l@51.la,94
Global Analytics,11/29/2023,7/2/2023,Nancey,Glasheen,906-183-0369,nglasheen2m@ovh.net,95
Knowledge Quest,4/14/2023,5/21/2023,Nikolai,Yansons,775-338-1502,nyansons2n@gov.uk,96
Innovate Solutions,4/23/2023,7/21/2023,Jarid,Managh,774-730-3883,jmanagh2o@amazon.co.jp,97
Discovery Research,9/13/2023,4/19/2023,Tedra,Benfield,639-799-1278,tbenfield2p@si.edu,98
Global Analytics,10/20/2023,5/11/2023,Pandora,Dunseath,895-991-3968,pdunseath2q@irs.gov,99
Insightful Analytics,1/4/2023,1/10/2023,Susann,McQuade,693-411-6789,smcquade2r@springer.com,100
Acme Research,11/29/2023,8/12/2023,Ashby,Guilder,605-279-9348,aguilder2s@themeforest.net,101
Data Insights Inc.,9/23/2023,5/16/2023,Clark,Hakonsen,269-642-1107,chakonsen2t@constantcontact.com,102
Data Insights Inc.,12/20/2022,2/7/2023,Lina,Thickens,459-162-0012,lthickens2u@over-blog.com,103
Insightful Analytics,8/27/2023,6/12/2023,Terri,Karel,728-825-2994,tkarel2v@phoca.cz,104
Tech Research Co.,9/19/2023,2/4/2023,Gwenny,Cunney,780-838-2186,gcunney2w@redcross.org,105
Research Innovators,8/14/2023,1/6/2023,Baird,O'Dulchonta,970-347-6960,bodulchonta2x@google.cn,106
Advanced Research Labs,3/22/2023,7/13/2023,Eugenio,Hancock,898-795-4737,ehancock2y@flickr.com,107
Discovery Research,12/18/2022,8/30/2023,Christoffer,Touhig,808-601-4536,ctouhig2z@t.co,108
Research Innovators,8/8/2023,2/23/2023,Dare,Ahren,141-591-8596,dahren30@ameblo.jp,109
Acme Research,9/29/2023,8/16/2023,Orelle,Wheeliker,534-391-0145,owheeliker31@rediff.com,110
Insightful Analytics,1/21/2023,1/28/2023,Ozzy,Geertz,396-728-5905,ogeertz32@miibeian.gov.cn,111
Innovate Solutions,7/30/2023,12/29/2022,Ermengarde,Wessing,868-799-2135,ewessing33@feedburner.com,112
Discovery Research,8/5/2023,5/10/2023,Addy,Chellenham,657-871-8417,achellenham34@goo.gl,113
Knowledge Quest,3/24/2023,2/22/2023,Glendon,Brann,184-812-4273,gbrann35@unc.edu,114
Tech Research Co.,10/23/2023,3/13/2023,Mechelle,Pasque,728-433-8168,mpasque36@ameblo.jp,115
Advanced Research Labs,5/10/2023,11/29/2023,Corry,Geale,176-623-7808,cgeale37@un.org,116
Insightful Analytics,8/9/2023,2/13/2023,Wren,MacKonochie,904-472-9467,wmackonochie38@gmpg.org,117
Tech Research Co.,12/17/2022,12/1/2023,Corny,Bartoloma,535-272-1946,cbartoloma39@nbcnews.com,118
Global Analytics,9/27/2023,1/7/2023,Ronni,Karp,212-746-9551,rkarp3a@tiny.cc,119
Acme Research,12/1/2023,8/16/2023,Alli,Casari,530-444-7655,acasari3b@washingtonpost.com,120
Knowledge Quest,10/3/2023,3/19/2023,Symon,Ralling,529-570-7187,sralling3c@chron.com,121
Data Insights Inc.,3/20/2023,10/25/2023,Rorie,Freeman,532-400-2740,rfreeman3d@ebay.com,122
Advanced Research Labs,7/18/2023,11/25/2023,Doralin,Salters,176-564-7611,dsalters3e@virginia.edu,123
Knowledge Quest,7/21/2023,11/13/2023,Tait,Carruth,894-600-1156,tcarruth3f@archive.org,124
Innovate Solutions,11/13/2023,7/13/2023,Florrie,Godfrey,760-867-3021,fgodfrey3g@msn.com,125
Knowledge Quest,6/13/2023,12/5/2022,Boothe,Housley,887-305-6707,bhousley3h@posterous.com,126
Knowledge Quest,11/16/2023,9/13/2023,Rip,Parcells,183-887-3701,rparcells3i@ucla.edu,127
Advanced Research Labs,8/12/2023,6/11/2023,Marcellina,Torresi,442-728-7238,mtorresi3j@wufoo.com,128
Insightful Analytics,7/1/2023,8/9/2023,Page,Emptage,453-652-4245,pemptage3k@seattletimes.com,129
Discovery Research,2/28/2023,7/26/2023,Eula,Mutlow,971-864-9707,emutlow3l@sun.com,130
Acme Research,5/1/2023,4/28/2023,Hector,Melia,997-686-4032,hmelia3m@google.nl,131
Insightful Analytics,12/3/2023,11/22/2023,Florri,Burtwhistle,709-227-9961,fburtwhistle3n@whitehouse.gov,132
Knowledge Quest,3/14/2023,5/9/2023,Biron,Laurant,121-742-8214,blaurant3o@columbia.edu,133
Knowledge Quest,6/1/2023,10/2/2023,Windy,O'Caherny,611-968-9124,wocaherny3p@cmu.edu,134
Discovery Research,1/11/2023,4/21/2023,Ruddie,Barsham,209-826-2468,rbarsham3q@webs.com,135
Acme Research,2/6/2023,8/13/2023,Saraann,Lavall,120-606-9127,slavall3r@ebay.com,136
Research Innovators,7/23/2023,5/6/2023,Adham,Bradwell,647-342-6909,abradwell3s@soundcloud.com,137
Data Insights Inc.,9/28/2023,8/29/2023,Gertruda,Humes,644-278-6348,ghumes3t@dell.com,138
Global Analytics,4/9/2023,7/27/2023,Elmore,Glantz,818-417-9819,eglantz3u@weibo.com,139
Knowledge Quest,5/2/2023,3/10/2023,Bobinette,Bushell,111-118-7418,bbushell3v@scribd.com,140
Advanced Research Labs,9/21/2023,10/15/2023,Cloris,Fordy,909-350-5094,cfordy3w@walmart.com,141
Innovate Solutions,9/26/2023,2/2/2023,Benton,Badcock,997-373-0335,bbadcock3x@virginia.edu,142
Tech Research Co.,10/2/2023,6/25/2023,Adah,Cutress,918-272-2487,acutress3y@home.pl,143
Global Analytics,9/18/2023,1/29/2023,Bruis,Privost,520-603-9611,bprivost3z@taobao.com,144
Global Analytics,7/17/2023,12/6/2023,Tara,Knowlton,595-782-1050,tknowlton40@mashable.com,145
Knowledge Quest,8/1/2023,5/2/2023,Jasen,Ullyatt,763-580-4063,jullyatt41@sina.com.cn,146
Innovate Solutions,9/4/2023,5/12/2023,Byron,Izzett,543-101-0659,bizzett42@geocities.com,147
Acme Research,9/30/2023,1/30/2023,Annabella,Shorto,709-323-3099,ashorto43@delicious.com,148
Discovery Research,5/19/2023,6/19/2023,Humfried,Scoular,813-239-4275,hscoular44@paginegialle.it,149
Knowledge Quest,1/4/2023,6/30/2023,Wood,Long,165-675-4533,wlong45@meetup.com,150
Global Analytics,8/27/2023,1/27/2023,Sal,Swedeland,961-794-9060,sswedeland46@cnbc.com,151
Innovate Solutions,11/25/2023,2/28/2023,Cy,Fumagalli,196-649-6263,cfumagalli47@epa.gov,152
Insightful Analytics,9/25/2023,10/23/2023,Laryssa,Jakab,738-126-7810,ljakab48@virginia.edu,153
Global Analytics,6/24/2023,1/26/2023,Tybalt,Ostick,848-165-7159,tostick49@gmpg.org,154
Research Innovators,4/4/2023,5/28/2023,Ky,Matias,215-917-8853,kmatias4a@fema.gov,155
Research Innovators,6/11/2023,6/24/2023,Daniel,Fowlds,356-682-0653,dfowlds4b@feedburner.com,156
Innovate Solutions,7/17/2023,9/17/2023,Almeta,Hoofe,106-965-4168,ahoofe4c@constantcontact.com,157
Tech Research Co.,9/26/2023,2/28/2023,Gilbertina,Breeds,825-746-4648,gbreeds4d@weibo.com,158
Acme Research,3/23/2023,2/16/2023,Laurena,Narramore,388-191-2426,lnarramore4e@prweb.com,159
Tech Research Co.,10/25/2023,1/31/2023,Nikita,Joret,634-270-1116,njoret4f@buzzfeed.com,160
Acme Research,2/17/2023,3/1/2023,Katharine,Ulyet,722-143-0201,kulyet4g@sun.com,161
Advanced Research Labs,6/16/2023,4/11/2023,Horatia,Croxton,468-766-9096,hcroxton4h@bloomberg.com,162
Innovate Solutions,9/7/2023,8/16/2023,Fawne,Lefeaver,603-114-3072,flefeaver4i@bravesites.com,163
Global Analytics,7/13/2023,6/15/2023,Ailina,Menloe,822-401-5400,amenloe4j@ifeng.com,164
Insightful Analytics,7/16/2023,8/2/2023,Joannes,Seamons,623-493-3745,jseamons4k@chicagotribune.com,165
Research Innovators,12/17/2022,5/16/2023,Idette,Cossey,979-949-1264,icossey4l@apache.org,166
Global Analytics,5/29/2023,4/19/2023,Rosco,Tewelson,490-123-3931,rtewelson4m@toplist.cz,167
Tech Research Co.,10/8/2023,12/1/2023,Aloin,Hinckes,581-911-1095,ahinckes4n@discuz.net,168
Insightful Analytics,11/18/2023,5/5/2023,Tyne,Pakenham,404-295-7387,tpakenham4o@blinklist.com,169
Innovate Solutions,1/13/2023,3/1/2023,Angelica,Cattrall,565-799-0132,acattrall4p@squidoo.com,170
Discovery Research,1/1/2023,10/27/2023,Dyna,Lum,437-807-9431,dlum4q@meetup.com,171
Global Analytics,4/17/2023,4/6/2023,Glen,Derwin,511-254-4519,gderwin4r@nytimes.com,172
Advanced Research Labs,6/25/2023,2/11/2023,Agnese,Wolseley,139-342-5316,awolseley4s@cocolog-nifty.com,173
Advanced Research Labs,8/20/2023,4/27/2023,Frasier,Osgarby,816-205-5000,fosgarby4t@utexas.edu,174
Tech Research Co.,5/18/2023,8/10/2023,Evy,Tapper,512-747-2536,etapper4u@bloglines.com,175
Tech Research Co.,9/21/2023,8/18/2023,Ximenes,May,273-556-7345,xmay4v@upenn.edu,176
Advanced Research Labs,4/28/2023,8/28/2023,Madeline,Hullbrook,521-543-6833,mhullbrook4w@google.ca,177
Discovery Research,4/28/2023,12/12/2022,Milzie,Doreward,598-991-4245,mdoreward4x@pagesperso-orange.fr,178
Data Insights Inc.,4/10/2023,12/8/2022,Kristal,Eslinger,786-473-7666,keslinger4y@salon.com,179
Knowledge Quest,4/21/2023,7/12/2023,Nicoline,Colliford,443-532-8954,ncolliford4z@scientificamerican.com,180
Tech Research Co.,8/2/2023,1/26/2023,Cort,Blampey,328-989-0164,cblampey50@chron.com,181
Research Innovators,3/6/2023,4/3/2023,Nyssa,Lemoir,631-272-4190,nlemoir51@instagram.com,182
Tech Research Co.,2/24/2023,4/14/2023,Liz,Parlot,809-443-0999,lparlot52@godaddy.com,183
Innovate Solutions,2/14/2023,11/17/2023,Kaylee,Pirdy,717-416-7173,kpirdy53@guardian.co.uk,184
Data Insights Inc.,2/4/2023,8/12/2023,Boniface,Grieves,341-113-4520,bgrieves54@blogtalkradio.com,185
Advanced Research Labs,7/9/2023,12/10/2022,Vinson,Lympany,700-575-6122,vlympany55@youtube.com,186
Insightful Analytics,3/28/2023,7/13/2023,Dimitri,Alcalde,602-511-6000,dalcalde56@cocolog-nifty.com,187
Insightful Analytics,7/13/2023,3/9/2023,Rodney,Jados,848-195-1236,rjados57@theatlantic.com,188
Insightful Analytics,12/6/2023,12/7/2022,Wenda,Nyles,620-472-4872,wnyles58@cbsnews.com,189
Global Analytics,11/18/2023,10/14/2023,Zachariah,Casine,388-107-1336,zcasine59@newyorker.com,190
Innovate Solutions,8/18/2023,12/23/2022,Suzy,Woan,883-557-5206,swoan5a@independent.co.uk,191
Advanced Research Labs,3/13/2023,8/27/2023,Arie,Ross,991-429-1757,aross5b@feedburner.com,192
Tech Research Co.,6/6/2023,4/22/2023,Garold,Massow,734-227-7243,gmassow5c@google.co.uk,193
Tech Research Co.,5/19/2023,1/15/2023,Storm,Roget,552-366-0627,sroget5d@ebay.co.uk,194
Insightful Analytics,7/9/2023,5/27/2023,Bridgette,Abrahamson,989-538-8186,babrahamson5e@mlb.com,195
Discovery Research,11/27/2023,9/28/2023,Farrell,Oggers,920-439-8744,foggers5f@adobe.com,196
Discovery Research,1/17/2023,9/2/2023,Benny,Triner,402-345-0546,btriner5g@wunderground.com,197
Data Insights Inc.,2/1/2023,8/26/2023,Margo,Gutcher,683-221-7556,mgutcher5h@livejournal.com,198
Knowledge Quest,1/13/2023,7/28/2023,Vally,Trewett,786-817-9369,vtrewett5i@gizmodo.com,199
Discovery Research,7/26/2023,8/6/2023,Ferd,Merrett,927-269-5165,fmerrett5j@ycombinator.com,200
Data Insights Inc.,9/22/2023,2/28/2023,Cesaro,Maund,938-139-6880,cmaund5k@weibo.com,201
Data Insights Inc.,2/17/2023,4/11/2023,Shelden,Eccles,996-657-6805,seccles5l@cpanel.net,202
Knowledge Quest,5/9/2023,7/27/2023,Ignacio,Dunckley,487-185-4008,idunckley5m@gnu.org,203
Data Insights Inc.,2/22/2023,5/2/2023,Casper,Gopsell,625-714-9021,cgopsell5n@last.fm,204
Research Innovators,12/5/2022,12/18/2022,Georgeta,Mark,724-767-3216,gmark5o@pbs.org,205
Global Analytics,3/16/2023,5/9/2023,Margery,Heigho,748-866-5404,mheigho5p@deliciousdays.com,206
Innovate Solutions,3/19/2023,5/6/2023,Jo-ann,Coale,997-183-1792,jcoale5q@nature.com,207
Tech Research Co.,5/6/2023,4/14/2023,Oralla,Padefield,423-776-4010,opadefield5r@indiatimes.com,208
Research Innovators,5/24/2023,5/9/2023,Pauly,Vereker,348-356-5108,pvereker5s@weather.com,209
Data Insights Inc.,9/15/2023,11/10/2023,Barbra,Warboys,760-803-9923,bwarboys5t@house.gov,210
Knowledge Quest,1/2/2023,6/17/2023,Dorothea,Brotheridge,294-149-7088,dbrotheridge5u@un.org,211
Data Insights Inc.,10/11/2023,8/26/2023,Brannon,Denyagin,879-370-4515,bdenyagin5v@mediafire.com,212
Data Insights Inc.,5/21/2023,7/21/2023,Lorne,Carbine,532-700-8159,lcarbine5w@discuz.net,213
Knowledge Quest,1/28/2023,8/23/2023,Jenifer,Cisco,767-209-0688,jcisco5x@stanford.edu,214
Tech Research Co.,9/12/2023,3/10/2023,Yalonda,Picken,956-544-6279,ypicken5y@nationalgeographic.com,215
Advanced Research Labs,1/5/2023,5/3/2023,Davine,Hackney,367-555-1618,dhackney5z@paypal.com,216
Insightful Analytics,1/16/2023,11/14/2023,Rabi,Colliard,424-441-2250,rcolliard60@nih.gov,217
Discovery Research,9/17/2023,8/19/2023,Hildagard,McCarry,804-415-1073,hmccarry61@boston.com,218
Knowledge Quest,2/27/2023,8/21/2023,Cordi,Borrow,266-741-2460,cborrow62@youku.com,219
Innovate Solutions,5/23/2023,11/17/2023,Giavani,Skirvane,368-431-3736,gskirvane63@guardian.co.uk,220
Advanced Research Labs,12/14/2022,2/26/2023,Gayle,Von Der Empten,467-709-7554,gvonderempten64@wikimedia.org,221
Knowledge Quest,1/26/2023,6/21/2023,Minny,Farady,121-482-4010,mfarady65@trellian.com,222
Global Analytics,6/1/2023,12/6/2022,Ollie,Dibner,568-104-5010,odibner66@shinystat.com,223
Global Analytics,4/9/2023,10/16/2023,Steffane,Anthon,673-262-7520,santhon67@bravesites.com,224
Knowledge Quest,10/4/2023,11/14/2023,Cecilla,Tanfield,432-667-2051,ctanfield68@sun.com,225
Tech Research Co.,3/13/2023,2/2/2023,Shawna,Grunnill,856-764-4036,sgrunnill69@fema.gov,226
Acme Research,3/7/2023,6/3/2023,Sherie,Ferminger,315-853-8813,sferminger6a@amazon.co.uk,227
Tech Research Co.,6/30/2023,2/8/2023,Willabella,Heliet,735-208-7284,wheliet6b@reverbnation.com,228
Discovery Research,11/11/2023,10/14/2023,Odelle,Hulance,722-351-4452,ohulance6c@google.com,229
Acme Research,6/6/2023,4/14/2023,Ceil,Vasquez,226-674-0574,cvasquez6d@cpanel.net,230
Discovery Research,8/16/2023,8/3/2023,Berny,Scottini,977-176-7972,bscottini6e@people.com.cn,231
Advanced Research Labs,4/26/2023,1/14/2023,Misha,Willock,963-741-5097,mwillock6f@mac.com,232
Advanced Research Labs,9/27/2023,6/26/2023,Cristionna,Edgett,912-510-1955,cedgett6g@vinaora.com,233
Data Insights Inc.,4/17/2023,5/27/2023,Carie,Wyard,707-411-1471,cwyard6h@yahoo.co.jp,234
Insightful Analytics,5/24/2023,3/19/2023,Cairistiona,Andrey,317-538-7823,candrey6i@imdb.com,235
Advanced Research Labs,5/10/2023,10/18/2023,Shermie,Atyea,436-347-9706,satyea6j@vinaora.com,236
Acme Research,9/5/2023,9/28/2023,Ema,Croce,737-388-0141,ecroce6k@cornell.edu,237
Tech Research Co.,12/28/2022,8/12/2023,Jermain,Collins,468-842-6906,jcollins6l@epa.gov,238
Knowledge Quest,12/29/2022,11/6/2023,Bryana,Marner,126-634-2931,bmarner6m@cyberchimps.com,239
Advanced Research Labs,2/15/2023,8/6/2023,Libbey,Mattack,433-938-7838,lmattack6n@com.com,240
Global Analytics,9/15/2023,5/9/2023,Angela,Michelle,742-328-0584,amichelle6o@example.com,241
Innovate Solutions,2/27/2023,1/23/2023,Jeniece,Cornelissen,592-389-8526,jcornelissen6p@noaa.gov,242
Discovery Research,3/27/2023,7/19/2023,Armand,Plaide,259-100-0203,aplaide6q@tuttocitta.it,243
Research Innovators,1/2/2023,9/21/2023,Gibby,Metschke,668-470-8981,gmetschke6r@springer.com,244
Acme Research,2/19/2023,8/9/2023,Romona,Gooday,985-543-7228,rgooday6s@plala.or.jp,245
Advanced Research Labs,4/9/2023,6/4/2023,Timi,Giovani,275-915-5843,tgiovani6t@vinaora.com,246
Tech Research Co.,5/28/2023,4/13/2023,Merry,Penna,939-485-4556,mpenna6u@marriott.com,247
Data Insights Inc.,10/22/2023,12/12/2022,Lorianna,Castagne,830-949-4005,lcastagne6v@diigo.com,248
Tech Research Co.,1/4/2023,1/21/2023,Ewen,Crayk,515-811-8798,ecrayk6w@google.fr,249
Tech Research Co.,6/16/2023,8/14/2023,Nellie,Snar,514-433-3567,nsnar6x@uiuc.edu,250
Global Analytics,12/25/2022,10/10/2023,Ferguson,Pakes,757-498-9619,fpakes6y@elegantthemes.com,251
Acme Research,8/17/2023,9/20/2023,Rene,Starsmeare,492-444-5700,rstarsmeare6z@cisco.com,252
Advanced Research Labs,8/21/2023,12/28/2022,Theda,Snepp,775-438-0628,tsnepp70@twitter.com,253
Knowledge Quest,12/20/2022,4/2/2023,Marc,Peeke,812-182-3676,mpeeke71@dagondesign.com,254
Research Innovators,3/30/2023,11/19/2023,Lenka,McAuliffe,573-993-9552,lmcauliffe72@mashable.com,255
Tech Research Co.,7/15/2023,9/5/2023,Ferd,Wychard,589-758-3685,fwychard73@craigslist.org,256
Acme Research,6/12/2023,6/9/2023,Marcellus,Robert,724-208-1056,mrobert74@icio.us,257
Knowledge Quest,3/2/2023,11/21/2023,Simonne,Dennant,369-214-5233,sdennant75@comsenz.com,258
Tech Research Co.,9/11/2023,2/9/2023,Violetta,Hedlestone,166-879-8280,vhedlestone76@elpais.com,259
Knowledge Quest,3/5/2023,10/4/2023,Bryant,Kofax,266-442-3963,bkofax77@fema.gov,260
Research Innovators,4/1/2023,6/8/2023,Ketty,MacRitchie,657-573-1366,kmacritchie78@wp.com,261
Advanced Research Labs,3/21/2023,1/20/2023,Murdoch,Shere,671-478-2668,mshere79@ebay.com,262
Innovate Solutions,5/4/2023,11/21/2023,Bethena,Dobing,795-172-7974,bdobing7a@census.gov,263
Acme Research,10/14/2023,1/13/2023,Wally,Etter,245-876-4250,wetter7b@blogspot.com,264
Discovery Research,7/17/2023,9/4/2023,Tabbie,Terrelly,647-161-5687,tterrelly7c@ask.com,265
Advanced Research Labs,7/7/2023,11/28/2023,Farris,Kovacs,570-357-8803,fkovacs7d@mapy.cz,266
Data Insights Inc.,6/28/2023,9/6/2023,Ester,Bare,686-779-5034,ebare7e@discovery.com,267
Data Insights Inc.,10/18/2023,2/6/2023,Camila,Geffen,577-804-0325,cgeffen7f@jugem.jp,268
Insightful Analytics,12/10/2022,5/31/2023,Ora,Moat,580-266-4601,omoat7g@reddit.com,269
Research Innovators,3/22/2023,11/14/2023,Tome,Dwerryhouse,307-223-9295,tdwerryhouse7h@facebook.com,270
Global Analytics,11/27/2023,3/4/2023,Yves,Bineham,488-687-1683,ybineham7i@dmoz.org,271
Research Innovators,11/25/2023,8/31/2023,Fifi,Hesse,328-313-9067,fhesse7j@1688.com,272
Insightful Analytics,8/29/2023,6/28/2023,Diego,Lawranson,874-690-4413,dlawranson7k@trellian.com,273
Insightful Analytics,4/27/2023,5/9/2023,Jephthah,Legister,594-267-9149,jlegister7l@nsw.gov.au,274
Advanced Research Labs,4/22/2023,1/17/2023,Cecil,Prewer,794-393-0513,cprewer7m@themeforest.net,275
Tech Research Co.,8/25/2023,11/28/2023,Evaleen,Georgot,371-330-5773,egeorgot7n@tinypic.com,276
Research Innovators,12/2/2023,6/11/2023,Verine,Shitliffe,860-437-9564,vshitliffe7o@cargocollective.com,277
Discovery Research,4/13/2023,8/15/2023,Kristoforo,Tomas,189-167-9405,ktomas7p@ucoz.com,278
Discovery Research,1/27/2023,5/26/2023,Dickie,Bedminster,720-853-4847,dbedminster7q@alexa.com,279
Research Innovators,4/20/2023,6/1/2023,Derby,Sessuns,798-665-7694,dsessuns7r@eepurl.com,280
Advanced Research Labs,9/25/2023,1/28/2023,Dorey,Carlill,608-598-4134,dcarlill7s@epa.gov,281
Innovate Solutions,6/1/2023,6/24/2023,Moyra,Giblin,101-670-7314,mgiblin7t@google.com.hk,282
Insightful Analytics,4/24/2023,7/10/2023,Leonhard,Nozzolii,652-984-1307,lnozzolii7u@stanford.edu,283
Advanced Research Labs,12/5/2022,6/18/2023,Steffen,Sapey,680-488-0500,ssapey7v@upenn.edu,284
Insightful Analytics,9/17/2023,9/30/2023,Olvan,Mineghelli,219-155-8192,omineghelli7w@seattletimes.com,285
Tech Research Co.,4/10/2023,7/17/2023,Verine,Schuck,858-909-3615,vschuck7x@canalblog.com,286
Research Innovators,4/3/2023,12/4/2022,Ferrell,Kemmons,914-632-3387,fkemmons7y@chron.com,287
Global Analytics,8/31/2023,2/11/2023,Silvia,Coram,740-287-8050,scoram7z@angelfire.com,288
Global Analytics,4/13/2023,1/17/2023,Anton,Cowpertwait,858-301-9223,acowpertwait80@wisc.edu,289
Advanced Research Labs,11/5/2023,3/1/2023,Richie,Gohier,161-897-8561,rgohier81@guardian.co.uk,290
Research Innovators,10/9/2023,9/24/2023,Beryl,Selborne,571-134-7373,bselborne82@google.ca,291
Global Analytics,2/19/2023,11/18/2023,Ciro,Muscroft,999-538-2064,cmuscroft83@sbwire.com,292
Insightful Analytics,3/3/2023,2/21/2023,Cully,Rowley,823-645-6698,crowley84@washington.edu,293
Research Innovators,7/29/2023,10/16/2023,Wilie,Hammelberg,285-876-3403,whammelberg85@unesco.org,294
Tech Research Co.,6/29/2023,2/27/2023,Kathryne,Drivers,615-697-7568,kdrivers86@goodreads.com,295
Research Innovators,11/18/2023,2/14/2023,Rosanne,Hernik,763-574-4593,rhernik87@businessweek.com,296
Advanced Research Labs,7/22/2023,1/24/2023,Codie,Leabeater,907-589-2213,cleabeater88@issuu.com,297
Discovery Research,3/31/2023,12/7/2023,Jordon,Bernardino,625-683-8793,jbernardino89@webeden.co.uk,298
Acme Research,4/3/2023,11/30/2023,Rex,Beever,147-994-6459,rbeever8a@is.gd,299
Acme Research,3/16/2023,10/1/2023,Benjy,Pear,110-441-6334,bpear8b@naver.com,300
Data Insights Inc.,9/3/2023,3/14/2023,Emyle,Renfree,262-388-3818,erenfree8c@dagondesign.com,301
Global Analytics,12/3/2023,2/11/2023,Larisa,Isaaksohn,598-469-1367,lisaaksohn8d@plala.or.jp,302
Acme Research,1/10/2023,6/25/2023,Eldin,Vest,896-843-7749,evest8e@geocities.jp,303
Global Analytics,6/24/2023,7/2/2023,Tera,Culbert,165-136-1095,tculbert8f@loc.gov,304
Global Analytics,2/12/2023,2/3/2023,Paddie,Matanin,490-428-3492,pmatanin8g@toplist.cz,305
Knowledge Quest,12/28/2022,2/12/2023,Bartel,Cregg,150-126-4396,bcregg8h@gmpg.org,306
Advanced Research Labs,1/17/2023,6/1/2023,Feodora,Burtwistle,809-487-6323,fburtwistle8i@technorati.com,307
Global Analytics,2/23/2023,5/16/2023,Tiphanie,Hoston,782-166-6365,thoston8j@rakuten.co.jp,308
Knowledge Quest,1/4/2023,9/1/2023,Sheppard,Swash,465-506-0635,sswash8k@4shared.com,309
Tech Research Co.,6/7/2023,1/17/2023,Carl,Saipy,416-404-3031,csaipy8l@cbc.ca,310
Acme Research,5/2/2023,4/21/2023,Valencia,McKiddin,148-292-8745,vmckiddin8m@msu.edu,311
Discovery Research,11/27/2023,10/15/2023,Milo,Pyer,127-960-5387,mpyer8n@nps.gov,312
Global Analytics,9/6/2023,5/24/2023,Burke,Shoutt,235-671-9268,bshoutt8o@gravatar.com,313
Advanced Research Labs,3/18/2023,2/25/2023,Claiborn,Curman,421-550-6557,ccurman8p@phoca.cz,314
Data Insights Inc.,3/1/2023,11/21/2023,Barn,Piscot,619-205-5926,bpiscot8q@flickr.com,315
Research Innovators,5/10/2023,10/27/2023,Andreas,Penvarden,361-238-7604,apenvarden8r@china.com.cn,316
Insightful Analytics,4/30/2023,12/6/2023,Godart,Shearman,369-706-1185,gshearman8s@nbcnews.com,317
Data Insights Inc.,10/19/2023,10/30/2023,Callida,Thirkettle,212-878-9308,cthirkettle8t@redcross.org,318
Tech Research Co.,8/7/2023,6/4/2023,Durward,Breese,650-234-9553,dbreese8u@example.com,319
Data Insights Inc.,6/1/2023,2/5/2023,Gerta,Chastaing,162-526-7341,gchastaing8v@cbslocal.com,320
Advanced Research Labs,4/23/2023,10/9/2023,Veronique,Loney,213-695-9392,vloney8w@reddit.com,321
Insightful Analytics,11/2/2023,6/10/2023,Marney,Leemans,271-341-6230,mleemans8x@miibeian.gov.cn,322
Insightful Analytics,1/19/2023,6/2/2023,Aundrea,Halbord,326-652-0798,ahalbord8y@google.fr,323
Insightful Analytics,8/16/2023,3/9/2023,Ailis,Nancekivell,352-520-7287,anancekivell8z@angelfire.com,324
Knowledge Quest,3/26/2023,5/1/2023,Kenneth,Kempster,919-889-6758,kkempster90@army.mil,325
Advanced Research Labs,6/3/2023,11/18/2023,Laurice,Shutte,306-402-1502,lshutte91@privacy.gov.au,326
Insightful Analytics,3/30/2023,8/28/2023,Lindy,Redman,334-720-6009,lredman92@multiply.com,327
Insightful Analytics,1/24/2023,9/24/2023,Lucy,Ziebart,527-841-5801,lziebart93@ihg.com,328
Data Insights Inc.,2/5/2023,11/18/2023,Chen,Eldrett,509-613-5520,celdrett94@github.com,329
Data Insights Inc.,10/29/2023,11/13/2023,Rockey,Bettles,283-767-3942,rbettles95@cornell.edu,330
Data Insights Inc.,2/7/2023,12/23/2022,El,Sammonds,635-318-8938,esammonds96@sogou.com,331
Acme Research,7/11/2023,8/12/2023,Susannah,Gegay,328-332-7034,sgegay97@blogtalkradio.com,332
Innovate Solutions,9/17/2023,10/11/2023,Sascha,Menaul,238-721-0320,smenaul98@umich.edu,333
Global Analytics,10/3/2023,4/28/2023,Ariadne,Saltsberg,810-445-1729,asaltsberg99@samsung.com,334
Advanced Research Labs,8/7/2023,4/10/2023,Viv,Reckhouse,894-978-0382,vreckhouse9a@e-recht24.de,335
Acme Research,8/16/2023,5/22/2023,Ive,Lysons,215-791-5265,ilysons9b@gnu.org,336
Discovery Research,5/21/2023,5/5/2023,Berke,Wyper,655-750-4579,bwyper9c@discovery.com,337
Discovery Research,2/24/2023,1/17/2023,Arlina,Tobias,344-119-1438,atobias9d@upenn.edu,338
Knowledge Quest,5/29/2023,12/1/2023,Gertrude,Saby,988-978-1740,gsaby9e@squarespace.com,339
Innovate Solutions,3/10/2023,6/13/2023,Rafael,Aksell,411-540-5667,raksell9f@shutterfly.com,340
Innovate Solutions,12/2/2023,6/29/2023,Elvin,Harby,553-178-7549,eharby9g@theguardian.com,341
Data Insights Inc.,12/7/2022,10/28/2023,Nelly,Klaassens,753-281-4920,nklaassens9h@wikispaces.com,342
Innovate Solutions,9/14/2023,3/30/2023,Alan,Corbally,358-580-5509,acorbally9i@msn.com,343
Tech Research Co.,9/2/2023,10/26/2023,Sylas,Tittletross,224-215-2657,stittletross9j@virginia.edu,344
Data Insights Inc.,3/13/2023,3/17/2023,Anabal,Pendle,313-905-2687,apendle9k@friendfeed.com,345
Discovery Research,3/6/2023,1/10/2023,Nonna,Lapree,248-821-2429,nlapree9l@imageshack.us,346
Global Analytics,6/1/2023,2/4/2023,Bent,Ladbrooke,244-331-0529,bladbrooke9m@storify.com,347
Insightful Analytics,3/5/2023,4/25/2023,Dominic,Goreisr,691-213-1955,dgoreisr9n@cisco.com,348
Advanced Research Labs,10/15/2023,10/14/2023,Leah,McKag,933-451-0869,lmckag9o@sakura.ne.jp,349
Tech Research Co.,3/1/2023,12/5/2023,Lara,MacQuaker,407-439-5966,lmacquaker9p@amazon.com,350
Advanced Research Labs,5/14/2023,12/22/2022,Darryl,Presley,924-283-3534,dpresley9q@i2i.jp,351
Data Insights Inc.,7/3/2023,8/19/2023,Page,Stower,577-804-6701,pstower9r@ca.gov,352
Acme Research,10/17/2023,11/16/2023,Jedidiah,Westbury,227-811-4164,jwestbury9s@blogtalkradio.com,353
Innovate Solutions,4/17/2023,6/12/2023,Xever,Lestrange,648-913-6801,xlestrange9t@marriott.com,354
Insightful Analytics,10/3/2023,6/8/2023,Saree,Egle of Germany,425-181-7204,segleofgermany9u@wisc.edu,355
Tech Research Co.,11/24/2023,11/22/2023,Elden,Goter,457-496-4745,egoter9v@sakura.ne.jp,356
Insightful Analytics,3/7/2023,10/25/2023,Hedwig,Siddon,467-943-1096,hsiddon9w@mozilla.org,357
Data Insights Inc.,1/29/2023,5/5/2023,Amalee,Fancett,845-493-5239,afancett9x@dagondesign.com,358
Acme Research,6/12/2023,5/8/2023,Uriel,Krinks,555-961-0215,ukrinks9y@feedburner.com,359
Advanced Research Labs,6/22/2023,3/23/2023,Mikael,Elcoate,755-984-1880,melcoate9z@chicagotribune.com,360
Global Analytics,9/26/2023,8/19/2023,Earlie,Derbyshire,151-308-3352,ederbyshirea0@geocities.jp,361
Tech Research Co.,4/21/2023,3/4/2023,Benita,Eymor,867-641-4255,beymora1@fda.gov,362
Knowledge Quest,11/18/2023,4/23/2023,Erinn,Hadfield,607-326-5225,ehadfielda2@creativecommons.org,363
Acme Research,10/24/2023,1/5/2023,Kerstin,Hambrook,339-281-8350,khambrooka3@google.ca,364
Research Innovators,12/31/2022,2/28/2023,Morganica,Gleave,451-810-1802,mgleavea4@friendfeed.com,365
Innovate Solutions,10/27/2023,12/3/2023,Vivian,Coultas,855-756-2476,vcoultasa5@amazonaws.com,366
Advanced Research Labs,5/3/2023,3/31/2023,Felicia,Parnaby,123-715-6130,fparnabya6@lulu.com,367
Acme Research,5/18/2023,5/3/2023,Cloe,Copper,505-955-3022,ccoppera7@livejournal.com,368
Global Analytics,11/19/2023,11/25/2023,Berti,Ferrotti,639-213-2392,bferrottia8@globo.com,369
Advanced Research Labs,8/20/2023,4/18/2023,Carla,Dradey,860-161-1945,cdradeya9@cornell.edu,370
Tech Research Co.,6/2/2023,8/29/2023,Elton,Been,321-895-8258,ebeenaa@huffingtonpost.com,371
Discovery Research,10/10/2023,11/2/2023,Sibby,Flaxman,133-822-5498,sflaxmanab@rambler.ru,372
Insightful Analytics,11/26/2023,11/19/2023,Daisie,Pendlebery,648-519-2384,dpendleberyac@imgur.com,373
Acme Research,12/20/2022,12/20/2022,Siobhan,Ellicott,876-905-1949,sellicottad@illinois.edu,374
Knowledge Quest,3/7/2023,10/23/2023,Sigismund,Tomlett,412-285-5143,stomlettae@bandcamp.com,375
Advanced Research Labs,6/2/2023,12/3/2023,Else,Penright,517-738-2761,epenrightaf@globo.com,376
Acme Research,6/13/2023,11/29/2023,Leelah,Morville,283-214-0850,lmorvilleag@1688.com,377
Advanced Research Labs,12/3/2022,7/23/2023,Grissel,Raggett,167-826-3076,graggettah@chronoengine.com,378
Knowledge Quest,1/19/2023,8/4/2023,Danette,Michelin,878-633-4686,dmichelinai@si.edu,379
Data Insights Inc.,5/12/2023,7/21/2023,Kora,Keal,285-580-3789,kkealaj@goo.ne.jp,380
Tech Research Co.,3/31/2023,10/10/2023,Suzette,Bastable,606-957-6946,sbastableak@comsenz.com,381
Acme Research,8/28/2023,4/21/2023,Osbourne,Esmond,407-339-5862,oesmondal@amazonaws.com,382
Global Analytics,2/9/2023,6/5/2023,Kristel,Male,636-160-2543,kmaleam@buzzfeed.com,383
Discovery Research,10/14/2023,10/14/2023,Bettine,Lantiffe,967-574-0396,blantiffean@google.pl,384
Global Analytics,5/11/2023,12/24/2022,Mathian,Emlen,199-626-8770,memlenao@tiny.cc,385
Innovate Solutions,8/11/2023,5/3/2023,Vick,Bonnet,777-906-3885,vbonnetap@elpais.com,386
Data Insights Inc.,6/13/2023,7/6/2023,Benji,Halligan,321-778-4751,bhalliganaq@europa.eu,387
Knowledge Quest,1/23/2023,11/11/2023,Garold,Klain,928-400-7650,gklainar@chicagotribune.com,388
Data Insights Inc.,12/14/2022,11/7/2023,Adi,Pogue,615-581-3366,apogueas@blinklist.com,389
Data Insights Inc.,1/9/2023,6/16/2023,Tobi,Vezey,719-112-4744,tvezeyat@sohu.com,390
Knowledge Quest,12/2/2023,5/16/2023,Gustavus,Want,928-511-0198,gwantau@techcrunch.com,391
Data Insights Inc.,1/26/2023,1/9/2023,Jemmy,Kerslake,865-187-2975,jkerslakeav@wordpress.com,392
Data Insights Inc.,7/16/2023,4/17/2023,Ingunna,Fraczek,963-736-2613,ifraczekaw@admin.ch,393
Advanced Research Labs,9/15/2023,9/12/2023,Jillayne,Nicholson,192-761-6602,jnicholsonax@examiner.com,394
Innovate Solutions,11/18/2023,1/29/2023,Millisent,Ceeley,776-572-6002,mceeleyay@paginegialle.it,395
Global Analytics,10/5/2023,11/3/2023,Maressa,Ness,839-588-9594,mnessaz@friendfeed.com,396
Advanced Research Labs,8/31/2023,11/25/2023,Herby,Arents,981-673-9683,harentsb0@barnesandnoble.com,397
Data Insights Inc.,3/28/2023,6/15/2023,Kaiser,Kennea,521-179-6182,kkenneab1@blogs.com,398
Advanced Research Labs,8/16/2023,7/23/2023,Hamlin,Posen,111-373-0239,hposenb2@go.com,399
Insightful Analytics,11/7/2023,6/24/2023,Terri,Murdie,165-188-9849,tmurdieb3@sciencedaily.com,400
Discovery Research,11/30/2023,9/24/2023,Berry,Gladman,818-908-4010,bgladmanb4@blogs.com,401
Research Innovators,1/4/2023,8/20/2023,Yulma,Whipple,592-617-3607,ywhippleb5@example.com,402
Innovate Solutions,4/16/2023,2/6/2023,Cacilia,Glennon,277-870-3410,cglennonb6@soundcloud.com,403
Insightful Analytics,1/10/2023,4/18/2023,Illa,Pallent,721-370-3826,ipallentb7@artisteer.com,404
Tech Research Co.,10/8/2023,3/27/2023,Mattheus,Ludmann,608-179-5974,mludmannb8@digg.com,405
Advanced Research Labs,1/25/2023,7/11/2023,Bernardine,Cerie,577-403-0509,bcerieb9@arizona.edu,406
Data Insights Inc.,9/3/2023,2/6/2023,Owen,Lyenyng,580-404-5322,olyenyngba@weebly.com,407
Data Insights Inc.,5/29/2023,11/14/2023,Torr,Kempton,174-190-3600,tkemptonbb@discuz.net,408
Data Insights Inc.,6/14/2023,11/13/2023,Guinna,Patterson,790-609-4363,gpattersonbc@goo.ne.jp,409
Discovery Research,2/15/2023,11/15/2023,Katrine,Vakhlov,295-790-1117,kvakhlovbd@unc.edu,410
Global Analytics,9/28/2023,3/15/2023,Bastian,Malatalant,885-426-7514,bmalatalantbe@ihg.com,411
Research Innovators,3/12/2023,12/12/2022,Philipa,Vlahos,563-152-3616,pvlahosbf@unblog.fr,412
Acme Research,9/18/2023,7/15/2023,Anne-marie,Battlestone,563-608-7646,abattlestonebg@multiply.com,413
Acme Research,7/24/2023,1/2/2023,Katrinka,Aslie,876-437-9233,kasliebh@t-online.de,414
Advanced Research Labs,7/4/2023,1/9/2023,Ly,Deeman,874-898-8762,ldeemanbi@rediff.com,415
Discovery Research,3/5/2023,6/20/2023,Miriam,Giovannoni,392-588-0871,mgiovannonibj@livejournal.com,416
Insightful Analytics,12/5/2022,10/15/2023,Cassaundra,Terzi,565-141-4039,cterzibk@ed.gov,417
Advanced Research Labs,5/27/2023,12/24/2022,Graham,Corn,498-537-6044,gcornbl@com.com,418
Data Insights Inc.,11/17/2023,8/27/2023,Roy,Draye,664-509-2140,rdrayebm@jalbum.net,419
Global Analytics,6/15/2023,10/6/2023,Colleen,Ritchie,411-948-7898,critchiebn@google.ca,420
Innovate Solutions,12/11/2022,10/20/2023,Aurel,Kornilov,839-190-9744,akornilovbo@google.com.br,421
Advanced Research Labs,7/17/2023,1/8/2023,Jolene,Deakan,518-467-1771,jdeakanbp@baidu.com,422
Knowledge Quest,3/28/2023,4/20/2023,Anne,Albutt,641-936-6404,aalbuttbq@sbwire.com,423
Acme Research,7/19/2023,8/2/2023,Lorraine,Heggadon,630-383-5670,lheggadonbr@typepad.com,424
Innovate Solutions,9/30/2023,12/3/2023,Innis,Vittore,936-614-9434,ivittorebs@utexas.edu,425
Tech Research Co.,12/8/2022,7/15/2023,Darya,Neesam,193-649-1204,dneesambt@nhs.uk,426
Knowledge Quest,1/19/2023,8/30/2023,Pat,Lorence,905-987-4038,plorencebu@pagesperso-orange.fr,427
Research Innovators,2/27/2023,5/5/2023,Leonora,Bourgourd,634-599-0948,lbourgourdbv@mit.edu,428
Innovate Solutions,1/4/2023,11/20/2023,Alair,Proom,680-707-9480,aproombw@tinypic.com,429
Tech Research Co.,4/15/2023,5/3/2023,Lyndy,Sherer,800-740-4669,lshererbx@baidu.com,430
Knowledge Quest,11/25/2023,9/23/2023,Otha,Aire,374-974-0392,oaireby@amazon.de,431
Research Innovators,12/6/2022,1/31/2023,Anica,Kesey,857-312-9586,akeseybz@360.cn,432
Data Insights Inc.,12/22/2022,11/8/2023,Giusto,Shalliker,119-780-5097,gshallikerc0@army.mil,433
Insightful Analytics,8/31/2023,1/27/2023,Boigie,Henze,491-951-4148,bhenzec1@bing.com,434
Knowledge Quest,10/18/2023,3/21/2023,Dehlia,Arnout,300-757-9596,darnoutc2@reference.com,435
Insightful Analytics,11/11/2023,4/27/2023,Cammy,Shirt,272-954-9042,cshirtc3@t.co,436
Insightful Analytics,4/29/2023,9/3/2023,Sofia,Plunkett,643-960-7318,splunkettc4@live.com,437
Discovery Research,2/12/2023,4/26/2023,Marlene,Coultard,984-476-4050,mcoultardc5@mac.com,438
Global Analytics,12/26/2022,2/4/2023,Mahmoud,Foakes,388-908-2422,mfoakesc6@home.pl,439
Tech Research Co.,4/8/2023,8/28/2023,Odetta,Chattey,849-445-4590,ochatteyc7@apple.com,440
Knowledge Quest,9/4/2023,8/6/2023,Raynell,Jeeks,739-338-2854,rjeeksc8@sohu.com,441
Tech Research Co.,8/29/2023,11/25/2023,Gal,Hustings,187-412-7775,ghustingsc9@ihg.com,442
Advanced Research Labs,9/3/2023,11/5/2023,Zack,Kolis,942-719-3879,zkolisca@intel.com,443
Discovery Research,5/4/2023,9/25/2023,Antonio,Dudmesh,450-985-9681,adudmeshcb@aboutads.info,444
Knowledge Quest,5/1/2023,8/17/2023,Frederik,McGrath,611-178-3033,fmcgrathcc@dell.com,445
Data Insights Inc.,10/31/2023,8/23/2023,Crosby,Rands,252-573-7776,crandscd@springer.com,446
Insightful Analytics,6/4/2023,10/10/2023,Felicity,Mouncey,357-518-4210,fmounceyce@webs.com,447
Data Insights Inc.,7/7/2023,11/4/2023,Nataline,Ishak,864-761-3870,nishakcf@springer.com,448
Knowledge Quest,10/3/2023,3/12/2023,Jenny,Angerstein,989-327-9106,jangersteincg@mit.edu,449
Global Analytics,4/5/2023,2/15/2023,Malina,Borres,472-192-6342,mborresch@goodreads.com,450
Knowledge Quest,10/25/2023,1/11/2023,Freemon,Hearon,978-817-6960,fhearonci@google.it,451
Knowledge Quest,10/16/2023,8/15/2023,Farand,McArley,850-974-8601,fmcarleycj@ed.gov,452
Knowledge Quest,6/29/2023,4/2/2023,Emmanuel,Jerdan,867-594-4858,ejerdanck@twitpic.com,453
Insightful Analytics,4/24/2023,11/9/2023,Siusan,Gerrett,634-987-9840,sgerrettcl@ebay.co.uk,454
Advanced Research Labs,5/4/2023,1/26/2023,Carey,Deegin,519-898-7852,cdeegincm@whitehouse.gov,455
Data Insights Inc.,4/23/2023,5/16/2023,Valentino,Duckerin,216-612-5478,vduckerincn@imageshack.us,456
Innovate Solutions,7/11/2023,8/11/2023,Hildagard,Elph,410-528-0235,helphco@usatoday.com,457
Global Analytics,7/2/2023,10/27/2023,Menard,Severy,788-274-7494,mseverycp@google.it,458
Acme Research,8/5/2023,10/27/2023,Alicea,Imeson,228-477-2894,aimesoncq@samsung.com,459
Knowledge Quest,7/24/2023,1/9/2023,Doria,Hagstone,925-269-7706,dhagstonecr@w3.org,460
Tech Research Co.,3/31/2023,5/10/2023,Abbot,Creboe,578-121-8770,acreboecs@chicagotribune.com,461
Acme Research,4/6/2023,7/10/2023,Smitty,Wisdish,177-736-7450,swisdishct@devhub.com,462
Acme Research,6/18/2023,6/15/2023,Joellyn,Willets,972-578-8429,jwilletscu@bbc.co.uk,463
Tech Research Co.,7/22/2023,6/30/2023,Nikolia,Bunker,646-953-9705,nbunkercv@wunderground.com,464
Insightful Analytics,6/15/2023,5/29/2023,Jeane,Webben,261-124-2688,jwebbencw@dropbox.com,465
Global Analytics,1/15/2023,8/3/2023,Zolly,Sturt,949-155-0530,zsturtcx@webs.com,466
Acme Research,9/15/2023,8/1/2023,Godart,Izard,929-219-3434,gizardcy@youtu.be,467
Knowledge Quest,4/15/2023,2/11/2023,Neely,Clorley,401-292-9721,nclorleycz@lulu.com,468
Acme Research,4/13/2023,1/27/2023,Ora,Gothup,729-124-3911,ogothupd0@google.com,469
Advanced Research Labs,9/18/2023,2/28/2023,Selma,Tiffany,492-900-3808,stiffanyd1@amazon.co.uk,470
Discovery Research,6/26/2023,4/24/2023,Theresa,Maleby,889-502-8093,tmalebyd2@nature.com,471
Research Innovators,9/25/2023,10/20/2023,Tuesday,Faircloth,204-957-8929,tfairclothd3@com.com,472
Discovery Research,10/8/2023,12/5/2023,Dasi,Phillp,766-383-8241,dphillpd4@alexa.com,473
Research Innovators,3/29/2023,1/19/2023,Murvyn,Weddeburn,832-628-1454,mweddeburnd5@nasa.gov,474
Tech Research Co.,7/11/2023,8/20/2023,Bob,Dedam,145-539-7669,bdedamd6@google.nl,475
Research Innovators,2/4/2023,10/21/2023,Gianina,Bacop,978-320-3885,gbacopd7@dagondesign.com,476
Research Innovators,11/21/2023,10/16/2023,Ajay,Stennes,814-913-1536,astennesd8@who.int,477
Tech Research Co.,9/22/2023,4/20/2023,Rozamond,Siward,579-856-5544,rsiwardd9@businessweek.com,478
Discovery Research,7/27/2023,6/2/2023,Pierre,Saylor,140-177-3542,psaylorda@prweb.com,479
Innovate Solutions,8/2/2023,7/4/2023,Tate,Sallis,189-311-2813,tsallisdb@latimes.com,480
Discovery Research,2/12/2023,7/14/2023,Cherilyn,Moyne,102-117-0777,cmoynedc@prweb.com,481
Discovery Research,2/14/2023,6/25/2023,Essa,Philler,799-483-9589,ephillerdd@kickstarter.com,482
Advanced Research Labs,5/25/2023,6/9/2023,Phyllida,Tomley,933-428-9278,ptomleyde@sogou.com,483
Data Insights Inc.,1/4/2023,7/26/2023,Desiri,Ferrey,264-422-7638,dferreydf@umich.edu,484
Acme Research,12/2/2023,11/20/2023,Cy,Jados,410-496-0191,cjadosdg@issuu.com,485
Knowledge Quest,5/15/2023,9/5/2023,Corrianne,Casella,894-245-4530,ccaselladh@techcrunch.com,486
Advanced Research Labs,11/1/2023,4/17/2023,Layney,Balcon,929-644-3646,lbalcondi@woothemes.com,487
Insightful Analytics,9/14/2023,4/8/2023,Darell,Weth,456-642-3121,dwethdj@amazon.com,488
Discovery Research,5/12/2023,9/29/2023,Avis,Chapman,722-668-3470,achapmandk@cocolog-nifty.com,489
Acme Research,7/15/2023,6/9/2023,Fernandina,McGeouch,969-281-3789,fmcgeouchdl@google.de,490
Insightful Analytics,1/6/2023,11/18/2023,Zachariah,Pallin,790-302-6039,zpallindm@skype.com,491
Insightful Analytics,9/24/2023,7/11/2023,Nadine,Jeacop,841-436-8009,njeacopdn@imageshack.us,492
Advanced Research Labs,11/9/2023,11/27/2023,Gilberto,Jex,163-816-9928,gjexdo@1688.com,493
Advanced Research Labs,7/25/2023,6/11/2023,Paulina,Bowerbank,795-971-8436,pbowerbankdp@eventbrite.com,494
Tech Research Co.,12/21/2022,12/16/2022,Si,Blum,884-752-6373,sblumdq@mashable.com,495
Global Analytics,6/29/2023,4/23/2023,Albina,Vigietti,558-270-0231,avigiettidr@economist.com,496
Tech Research Co.,5/15/2023,4/1/2023,Ennis,Ownsworth,838-607-6671,eownsworthds@sphinn.com,497
Discovery Research,6/1/2023,8/28/2023,Dasi,Freyn,859-340-0316,dfreyndt@unc.edu,498
Acme Research,11/1/2023,9/14/2023,Hazel,Kenwell,403-493-3558,hkenwelldu@trellian.com,499
Knowledge Quest,2/12/2023,10/9/2023,Flora,Leathem,765-816-7911,fleathemdv@hud.gov,500
Global Analytics,3/21/2023,8/28/2023,Germaine,Stit,991-212-2724,gstitdw@cdc.gov,501
Insightful Analytics,3/21/2023,3/6/2023,Agatha,Cockrell,318-246-9151,acockrelldx@salon.com,502
Data Insights Inc.,8/6/2023,2/17/2023,Olimpia,Forrington,957-451-1897,oforringtondy@i2i.jp,503
Insightful Analytics,1/3/2023,10/5/2023,Modestia,Iacovini,846-985-4797,miacovinidz@domainmarket.com,504
Knowledge Quest,12/30/2022,2/13/2023,Alejandro,Casham,981-190-5218,acashame0@networkadvertising.org,505
Tech Research Co.,10/28/2023,6/3/2023,Zedekiah,Medcraft,558-376-5160,zmedcrafte1@yellowpages.com,506
Acme Research,2/19/2023,12/15/2022,Haze,Crockatt,305-511-2042,hcrockatte2@theatlantic.com,507
Research Innovators,1/17/2023,1/29/2023,Consuela,Syphus,436-113-5209,csyphuse3@godaddy.com,508
Global Analytics,12/2/2023,1/13/2023,Maximo,Lea,915-295-2586,mleae4@squidoo.com,509
Tech Research Co.,8/22/2023,3/12/2023,Cordula,Cheetham,177-318-6744,ccheethame5@hp.com,510
Innovate Solutions,7/18/2023,6/30/2023,Clarabelle,Furlonge,396-606-7970,cfurlongee6@xrea.com,511
Tech Research Co.,10/24/2023,9/8/2023,Norry,Pretley,518-422-9037,npretleye7@tuttocitta.it,512
Discovery Research,6/9/2023,2/1/2023,Major,Drohan,658-648-3108,mdrohane8@disqus.com,513
Global Analytics,1/23/2023,6/7/2023,Rosa,Mayzes,365-582-5582,rmayzese9@example.com,514
Knowledge Quest,8/21/2023,9/1/2023,Dosi,Allman,934-377-7002,dallmanea@newsvine.com,515
Acme Research,3/2/2023,5/28/2023,Dolley,Dumbelton,504-322-2306,ddumbeltoneb@rakuten.co.jp,516
Insightful Analytics,8/13/2023,11/14/2023,Wye,Hamflett,180-749-5991,whamflettec@istockphoto.com,517
Knowledge Quest,9/16/2023,9/26/2023,Rubin,Dakhov,783-481-6611,rdakhoved@japanpost.jp,518
Discovery Research,2/18/2023,11/17/2023,Pip,Sone,417-679-7346,psoneee@businessweek.com,519
Data Insights Inc.,6/26/2023,9/3/2023,Val,Cloutt,412-420-2058,vclouttef@deliciousdays.com,520
Advanced Research Labs,8/15/2023,4/6/2023,Darci,Butter,106-418-4979,dbuttereg@networksolutions.com,521
Tech Research Co.,3/21/2023,12/7/2022,Filbert,Buffey,705-538-6105,fbuffeyeh@123-reg.co.uk,522
Innovate Solutions,4/5/2023,5/4/2023,Doretta,Pendell,859-292-7816,dpendellei@mail.ru,523
Global Analytics,4/16/2023,3/7/2023,Gray,Pays,339-831-1159,gpaysej@livejournal.com,524
Innovate Solutions,9/23/2023,1/2/2023,Yoshi,Luddy,112-739-1455,yluddyek@ebay.co.uk,525
Knowledge Quest,10/2/2023,6/24/2023,Joby,Johanssen,426-157-7564,jjohanssenel@tuttocitta.it,526
Acme Research,7/31/2023,8/2/2023,Yancy,Dederick,531-199-0329,ydederickem@biblegateway.com,527
Tech Research Co.,8/19/2023,5/7/2023,Lyndell,Demschke,782-552-9593,ldemschkeen@wordpress.org,528
Innovate Solutions,4/17/2023,8/8/2023,Timmy,Pinhorn,473-703-4921,tpinhorneo@acquirethisname.com,529
Innovate Solutions,7/8/2023,11/27/2023,Ferris,Musker,848-485-9812,fmuskerep@rambler.ru,530
Innovate Solutions,5/18/2023,12/20/2022,Carlen,Worrell,261-230-5298,cworrelleq@washington.edu,531
Research Innovators,10/21/2023,10/19/2023,El,Thrasher,404-578-4485,ethrasherer@lycos.com,532
Innovate Solutions,11/30/2023,7/20/2023,Mia,Eaglestone,774-483-8021,meaglestonees@blogs.com,533
Insightful Analytics,2/15/2023,12/10/2022,Claresta,Jurewicz,295-189-0978,cjurewiczet@bbc.co.uk,534
Research Innovators,5/8/2023,6/17/2023,Neille,Cleef,116-106-4059,ncleefeu@guardian.co.uk,535
Global Analytics,8/16/2023,9/13/2023,Mervin,Klousner,713-465-2843,mklousnerev@auda.org.au,536
Data Insights Inc.,1/10/2023,6/13/2023,Briney,Capnor,919-586-5869,bcapnorew@eepurl.com,537
Knowledge Quest,10/11/2023,10/12/2023,Madlen,Lawlie,191-524-3636,mlawlieex@histats.com,538
Insightful Analytics,4/14/2023,7/1/2023,Hollie,Copp,451-505-3348,hcoppey@mashable.com,539
Data Insights Inc.,2/21/2023,8/14/2023,Brooke,Sellack,554-350-0239,bsellackez@gnu.org,540
Insightful Analytics,8/3/2023,4/21/2023,Rowen,Battle,520-125-1049,rbattlef0@qq.com,541
Data Insights Inc.,7/5/2023,12/28/2022,Billie,Cubbon,520-517-2671,bcubbonf1@dropbox.com,542
Advanced Research Labs,10/30/2023,8/30/2023,Neron,Jeannon,155-803-7407,njeannonf2@storify.com,543
Tech Research Co.,1/17/2023,2/26/2023,Reggie,Batisse,855-119-7066,rbatissef3@tamu.edu,544
Tech Research Co.,6/14/2023,11/14/2023,Gardiner,Kanter,299-215-8589,gkanterf4@gravatar.com,545
Acme Research,9/10/2023,6/15/2023,Drusy,Bubear,884-398-4831,dbubearf5@phoca.cz,546
Advanced Research Labs,1/7/2023,4/15/2023,Liuka,Vale,488-998-0207,lvalef6@tmall.com,547
Insightful Analytics,3/6/2023,6/27/2023,Cheston,Patullo,926-572-2234,cpatullof7@hatena.ne.jp,548
Advanced Research Labs,5/16/2023,11/6/2023,Stanleigh,De Banke,413-748-0445,sdebankef8@house.gov,549
Acme Research,3/12/2023,12/8/2022,Larisa,Pethrick,864-360-5604,lpethrickf9@vinaora.com,550
Global Analytics,11/16/2023,1/9/2023,Sheridan,Riatt,288-474-0717,sriattfa@surveymonkey.com,551
Acme Research,11/1/2023,7/1/2023,Cecilla,Gateland,155-769-8376,cgatelandfb@blogs.com,552
Tech Research Co.,7/29/2023,3/3/2023,Lulu,O'Sheilds,851-694-1482,losheildsfc@github.com,553
Advanced Research Labs,8/12/2023,12/28/2022,Anne-marie,Bartoleyn,498-361-3535,abartoleynfd@sohu.com,554
Global Analytics,2/9/2023,9/22/2023,Hope,Van Weedenburg,726-410-3688,hvanweedenburgfe@theatlantic.com,555
Acme Research,1/3/2023,2/16/2023,Jessica,Verecker,646-553-7711,jvereckerff@mysql.com,556
Acme Research,8/20/2023,4/20/2023,Blancha,Barwack,963-671-8532,bbarwackfg@patch.com,557
Knowledge Quest,7/28/2023,10/17/2023,Bartie,Eadie,975-196-1157,beadiefh@tamu.edu,558
Acme Research,11/16/2023,10/11/2023,Rudolfo,Dunderdale,898-752-8416,rdunderdalefi@army.mil,559
Data Insights Inc.,2/16/2023,10/16/2023,Caryl,Albro,866-274-3797,calbrofj@jimdo.com,560
Tech Research Co.,10/4/2023,7/9/2023,Rosemary,Righy,777-924-7483,rrighyfk@photobucket.com,561
Tech Research Co.,7/18/2023,9/19/2023,Happy,Preon,782-180-3787,hpreonfl@wufoo.com,562
Innovate Solutions,7/24/2023,5/9/2023,Bianca,Monger,934-226-8552,bmongerfm@delicious.com,563
Acme Research,3/30/2023,5/11/2023,Benny,Mumbey,779-894-7196,bmumbeyfn@telegraph.co.uk,564
Acme Research,11/9/2023,6/7/2023,Basil,O'Boyle,291-946-8642,boboylefo@instagram.com,565
Advanced Research Labs,12/30/2022,8/5/2023,Marcille,Learmond,966-886-6827,mlearmondfp@google.it,566
Data Insights Inc.,11/5/2023,3/12/2023,Shelley,Silver,967-143-8337,ssilverfq@nps.gov,567
Knowledge Quest,9/14/2023,8/22/2023,Pauly,Puttan,196-489-5686,pputtanfr@ovh.net,568
Discovery Research,9/17/2023,8/16/2023,Gaylord,Syphus,922-330-4440,gsyphusfs@shareasale.com,569
Tech Research Co.,5/16/2023,9/5/2023,Martina,Tordiffe,975-587-0067,mtordiffeft@mediafire.com,570
Innovate Solutions,3/22/2023,5/11/2023,Kim,Gosby,412-909-9718,kgosbyfu@mediafire.com,571
Advanced Research Labs,1/1/2023,3/11/2023,Frederico,Stiell,212-675-7780,fstiellfv@simplemachines.org,572
Knowledge Quest,7/24/2023,9/11/2023,Flinn,Braben,424-423-2610,fbrabenfw@twitpic.com,573
Global Analytics,4/12/2023,6/11/2023,Way,Trippett,108-816-2757,wtrippettfx@tumblr.com,574
Tech Research Co.,12/7/2022,11/16/2023,Odelle,McDoual,629-265-8070,omcdoualfy@joomla.org,575
Insightful Analytics,10/10/2023,10/22/2023,Ambrosio,Lillistone,187-773-8630,alillistonefz@cam.ac.uk,576
Data Insights Inc.,5/30/2023,3/15/2023,Boigie,Middiff,425-552-6520,bmiddiffg0@uol.com.br,577
Global Analytics,1/24/2023,1/17/2023,Vidovik,Leel,423-947-9270,vleelg1@webeden.co.uk,578
Advanced Research Labs,12/27/2022,11/23/2023,Irv,Scherme,699-302-9177,ischermeg2@google.nl,579
Discovery Research,2/16/2023,8/18/2023,Elna,Chaundy,388-395-3927,echaundyg3@columbia.edu,580
Insightful Analytics,11/29/2023,6/7/2023,Piotr,Bambery,301-854-3984,pbamberyg4@usa.gov,581
Global Analytics,4/20/2023,12/16/2022,Madalena,Coomber,538-426-2818,mcoomberg5@latimes.com,582
Advanced Research Labs,4/11/2023,1/27/2023,Kimmy,Bachanski,431-825-4282,kbachanskig6@imdb.com,583
Research Innovators,12/3/2022,1/18/2023,Jessie,Joris,215-246-4935,jjorisg7@deliciousdays.com,584
Global Analytics,4/6/2023,5/28/2023,Arielle,Treadaway,399-101-9855,atreadawayg8@apple.com,585
Insightful Analytics,2/28/2023,6/7/2023,Britte,Gillman,826-296-5224,bgillmang9@vimeo.com,586
Discovery Research,5/31/2023,9/8/2023,Lelia,Jaimez,328-396-1319,ljaimezga@imdb.com,587
Tech Research Co.,9/17/2023,8/22/2023,Morgana,Deverille,826-453-4276,mdeverillegb@hhs.gov,588
Research Innovators,5/30/2023,2/22/2023,Naomi,Duding,100-585-9745,ndudinggc@buzzfeed.com,589
Advanced Research Labs,9/10/2023,12/3/2022,Joana,Demangeot,756-477-3915,jdemangeotgd@360.cn,590
Research Innovators,3/15/2023,4/26/2023,Ricardo,Housin,879-608-3054,rhousinge@virginia.edu,591
Innovate Solutions,3/28/2023,2/13/2023,Hilliary,Sweeten,534-152-2565,hsweetengf@army.mil,592
Global Analytics,7/12/2023,2/16/2023,Kaela,McNerlin,530-439-6556,kmcnerlingg@friendfeed.com,593
Advanced Research Labs,12/30/2022,10/29/2023,Mano,Millthorpe,192-349-3647,mmillthorpegh@slashdot.org,594
Innovate Solutions,5/25/2023,8/25/2023,Ardelis,Drummond,585-429-8510,adrummondgi@jiathis.com,595
Knowledge Quest,8/26/2023,6/17/2023,Stefanie,Krimmer,965-951-5603,skrimmergj@dailymail.co.uk,596
Innovate Solutions,7/8/2023,6/20/2023,Dulcine,Feek,156-468-8061,dfeekgk@mozilla.org,597
Innovate Solutions,9/17/2023,7/27/2023,Estel,Cosbee,361-966-1289,ecosbeegl@sfgate.com,598
Advanced Research Labs,1/1/2023,4/28/2023,Siegfried,Peert,416-971-5425,speertgm@bing.com,599
Research Innovators,1/20/2023,10/19/2023,Cherice,St Ange,345-264-3484,cstangegn@archive.org,600
Innovate Solutions,9/10/2023,3/3/2023,Georgeta,Pollie,188-178-7248,gpolliego@auda.org.au,601
Insightful Analytics,12/23/2022,3/17/2023,Krystle,Worlidge,551-610-3141,kworlidgegp@ycombinator.com,602
Innovate Solutions,7/18/2023,10/30/2023,Collin,Cutress,178-400-6542,ccutressgq@nps.gov,603
Innovate Solutions,10/9/2023,11/16/2023,Gerladina,Hastwell,544-210-0193,ghastwellgr@ihg.com,604
Data Insights Inc.,10/4/2023,3/19/2023,Jeannette,De Andisie,605-263-8490,jdeandisiegs@pinterest.com,605
Discovery Research,6/23/2023,7/15/2023,Lamar,Bucktrout,544-790-6005,lbucktroutgt@constantcontact.com,606
Innovate Solutions,1/6/2023,5/25/2023,Ninetta,Dowman,286-166-0554,ndowmangu@jigsy.com,607
Innovate Solutions,11/18/2023,12/7/2022,Tawnya,Chestney,711-226-6116,tchestneygv@lycos.com,608
Data Insights Inc.,11/17/2023,8/29/2023,Babara,Amey,549-998-0941,bameygw@php.net,609
Tech Research Co.,7/2/2023,3/12/2023,Innis,Shepherdson,341-216-4492,ishepherdsongx@hp.com,610
Data Insights Inc.,7/27/2023,4/29/2023,Tracey,Sprigings,503-206-8426,tsprigingsgy@sohu.com,611
Discovery Research,8/22/2023,9/2/2023,Milicent,Bourgaize,917-932-5857,mbourgaizegz@china.com.cn,612
Tech Research Co.,5/4/2023,9/30/2023,Ilysa,Damsell,762-419-6351,idamsellh0@imgur.com,613
Advanced Research Labs,9/26/2023,8/21/2023,Janela,Dowker,889-933-0941,jdowkerh1@tinyurl.com,614
Knowledge Quest,1/16/2023,4/9/2023,Stefa,Gwillyam,992-937-6890,sgwillyamh2@tinyurl.com,615
Knowledge Quest,4/7/2023,10/14/2023,Gwyneth,Joannet,145-182-3513,gjoanneth3@mac.com,616
Global Analytics,11/7/2023,7/16/2023,Ahmed,Brugemann,784-468-7763,abrugemannh4@photobucket.com,617
Global Analytics,2/22/2023,7/21/2023,Ada,Bichard,751-551-7904,abichardh5@admin.ch,618
Acme Research,8/15/2023,2/11/2023,Carlita,Fraser,122-220-4879,cfraserh6@independent.co.uk,619
Data Insights Inc.,1/8/2023,12/3/2023,Corie,Fibbings,758-551-3871,cfibbingsh7@nbcnews.com,620
Innovate Solutions,9/10/2023,12/27/2022,Henrieta,Sketch,980-952-5051,hsketchh8@storify.com,621
Knowledge Quest,11/2/2023,4/3/2023,Les,Hurdman,108-887-3568,lhurdmanh9@constantcontact.com,622
Discovery Research,11/11/2023,6/1/2023,Tome,Scaddon,324-725-8514,tscaddonha@google.com,623
Global Analytics,5/3/2023,2/9/2023,Karalee,Euler,205-677-5945,keulerhb@mysql.com,624
Discovery Research,1/23/2023,6/8/2023,Thomasa,La Wille,228-387-3110,tlawillehc@reverbnation.com,625
Tech Research Co.,10/15/2023,2/24/2023,Paulette,Von Gladbach,381-910-0896,pvongladbachhd@spotify.com,626
Discovery Research,11/23/2023,12/16/2022,Andrey,Hamal,370-930-2169,ahamalhe@slashdot.org,627
Insightful Analytics,7/30/2023,1/1/2023,Suzie,Frid,901-685-5661,sfridhf@msn.com,628
Acme Research,11/8/2023,4/29/2023,Audie,Wealleans,631-373-6544,awealleanshg@netscape.com,629
Research Innovators,2/24/2023,8/28/2023,Philipa,Spelwood,352-906-2965,pspelwoodhh@cargocollective.com,630
Global Analytics,4/26/2023,6/10/2023,Roxi,Hunday,529-122-6447,rhundayhi@prweb.com,631
Discovery Research,4/19/2023,5/6/2023,Lottie,Shelborne,203-269-6352,lshelbornehj@youtube.com,632
Research Innovators,3/20/2023,3/5/2023,Alyosha,Gaize,838-972-7493,agaizehk@independent.co.uk,633
Acme Research,12/7/2023,12/19/2022,Alfonse,De Gowe,771-785-9965,adegowehl@ow.ly,634
Knowledge Quest,12/23/2022,9/27/2023,Derward,De'Vere - Hunt,283-266-3506,ddeverehunthm@newsvine.com,635
Research Innovators,5/10/2023,12/15/2022,Ranna,Vennings,208-383-9899,rvenningshn@wiley.com,636
Innovate Solutions,9/26/2023,8/3/2023,Kissee,Moralis,388-312-6200,kmoralisho@naver.com,637
Innovate Solutions,8/18/2023,1/8/2023,Harlene,Petersen,885-672-8766,hpetersenhp@mac.com,638
Advanced Research Labs,8/29/2023,8/30/2023,Osmund,Heinonen,968-138-6726,oheinonenhq@google.es,639
Advanced Research Labs,10/2/2023,8/8/2023,Daffy,O' Gara,744-651-8623,dogarahr@wiley.com,640
Research Innovators,4/26/2023,4/4/2023,Lock,Costerd,284-375-0652,lcosterdhs@slideshare.net,641
Innovate Solutions,3/22/2023,8/11/2023,Pepita,Pennycook,177-455-7409,ppennycookht@flavors.me,642
Tech Research Co.,1/8/2023,9/28/2023,Delbert,Humbatch,925-847-7463,dhumbatchhu@slideshare.net,643
Research Innovators,4/17/2023,11/7/2023,Vlad,Perroni,344-389-7500,vperronihv@gnu.org,644
Insightful Analytics,4/19/2023,10/28/2023,Aleece,Server,738-753-9894,aserverhw@vkontakte.ru,645
Knowledge Quest,12/6/2022,1/2/2023,Lindsey,Iliffe,758-161-0629,liliffehx@mashable.com,646
Innovate Solutions,3/28/2023,4/7/2023,Kelcie,Emmanuele,111-443-5333,kemmanuelehy@ycombinator.com,647
Global Analytics,6/21/2023,12/10/2022,Melina,Tyne,722-609-3196,mtynehz@g.co,648
Discovery Research,3/19/2023,1/9/2023,Alie,Dyne,246-646-6441,adynei0@usda.gov,649
Research Innovators,3/18/2023,8/9/2023,Brose,Smorthwaite,744-788-0934,bsmorthwaitei1@nytimes.com,650
Knowledge Quest,7/3/2023,6/8/2023,Ileane,Dannehl,860-330-8118,idannehli2@artisteer.com,651
Discovery Research,1/6/2023,10/8/2023,Boycey,Letterese,827-727-5835,bletteresei3@webeden.co.uk,652
Global Analytics,4/16/2023,10/19/2023,Sashenka,Mc Dermid,530-225-3510,smcdermidi4@technorati.com,653
Global Analytics,10/15/2023,5/15/2023,Sollie,McGilvra,423-484-5663,smcgilvrai5@toplist.cz,654
Innovate Solutions,11/1/2023,8/10/2023,Shanna,Trunby,638-475-0105,strunbyi6@parallels.com,655
Research Innovators,1/28/2023,7/9/2023,Ally,Slucock,701-423-9121,aslucocki7@newyorker.com,656
Knowledge Quest,12/26/2022,5/29/2023,Saul,Figure,518-724-8596,sfigurei8@theglobeandmail.com,657
Innovate Solutions,7/29/2023,1/22/2023,Agathe,Catto,412-395-3647,acattoi9@macromedia.com,658
Research Innovators,9/18/2023,3/12/2023,Osgood,Lunbech,456-470-4177,olunbechia@chronoengine.com,659
Knowledge Quest,3/16/2023,9/11/2023,Boy,Vaneschi,590-389-8512,bvaneschiib@ed.gov,660
Insightful Analytics,8/25/2023,11/7/2023,Leonerd,Shury,969-254-3553,lshuryic@slashdot.org,661
Advanced Research Labs,3/20/2023,10/28/2023,Peg,Ccomini,298-552-4188,pccominiid@sphinn.com,662
Tech Research Co.,10/25/2023,8/28/2023,Merlina,Casarili,506-887-8766,mcasariliie@wiley.com,663
Knowledge Quest,12/11/2022,4/9/2023,Rossie,Haselhurst,570-712-1627,rhaselhurstif@comcast.net,664
Tech Research Co.,10/2/2023,8/26/2023,Willy,Walker,449-404-3661,wwalkerig@reuters.com,665
Knowledge Quest,12/29/2022,12/10/2022,Garth,Gagg,517-302-8346,ggaggih@elegantthemes.com,666
Knowledge Quest,12/4/2022,8/4/2023,Georgeanna,Drillot,140-173-3663,gdrillotii@xing.com,667
Discovery Research,8/27/2023,9/1/2023,Pearla,Lutman,352-453-6772,plutmanij@nba.com,668
Acme Research,7/20/2023,12/6/2023,Dixie,Chataignier,466-720-1230,dchataignierik@shinystat.com,669
Research Innovators,1/15/2023,4/30/2023,Rog,Eagles,841-176-3317,reaglesil@dmoz.org,670
Advanced Research Labs,12/23/2022,7/21/2023,Antone,Dearn,262-279-9770,adearnim@paginegialle.it,671
Knowledge Quest,9/5/2023,12/24/2022,Carolan,Stampe,745-926-9707,cstampein@mac.com,672
Research Innovators,12/13/2022,9/23/2023,Clovis,Mouland,713-875-8474,cmoulandio@berkeley.edu,673
Data Insights Inc.,9/17/2023,11/24/2023,Melonie,Bramall,802-160-9095,mbramallip@homestead.com,674
Data Insights Inc.,3/30/2023,4/29/2023,Delia,Tunnow,252-804-7025,dtunnowiq@aol.com,675
Discovery Research,6/12/2023,12/3/2022,Marcella,Roze,994-359-3042,mrozeir@ebay.com,676
Advanced Research Labs,12/11/2022,7/9/2023,Arlyn,Ludlamme,644-551-3083,aludlammeis@telegraph.co.uk,677
Advanced Research Labs,8/3/2023,7/23/2023,Peri,Glenfield,399-921-1782,pglenfieldit@ebay.co.uk,678
Tech Research Co.,11/12/2023,3/14/2023,Berni,Powelee,194-390-0553,bpoweleeiu@ca.gov,679
Tech Research Co.,9/21/2023,5/6/2023,Ros,Normandale,856-987-8955,rnormandaleiv@discuz.net,680
Global Analytics,11/4/2023,1/4/2023,Julia,Braisby,638-943-3060,jbraisbyiw@wufoo.com,681
Research Innovators,11/28/2023,9/3/2023,Adorne,Tuberfield,371-232-0737,atuberfieldix@drupal.org,682
Data Insights Inc.,12/9/2022,12/2/2023,Jackson,Coughtrey,179-414-3883,jcoughtreyiy@hostgator.com,683
Insightful Analytics,2/3/2023,12/21/2022,Kevan,Bellas,701-510-7701,kbellasiz@photobucket.com,684
Innovate Solutions,7/26/2023,6/13/2023,Cassaundra,Mc Carrick,809-343-9939,cmccarrickj0@stanford.edu,685
Discovery Research,2/1/2023,2/3/2023,Darill,Goodreid,748-173-4240,dgoodreidj1@stanford.edu,686
Knowledge Quest,11/15/2023,2/20/2023,Noellyn,Bachura,614-892-8224,nbachuraj2@spiegel.de,687
Discovery Research,12/4/2023,3/10/2023,Marquita,Dawtre,610-131-7973,mdawtrej3@wordpress.com,688
Insightful Analytics,4/25/2023,7/20/2023,Elset,Alliot,689-270-3686,ealliotj4@alexa.com,689
Global Analytics,6/14/2023,1/8/2023,Antoni,Gummoe,844-217-1215,agummoej5@telegraph.co.uk,690
Advanced Research Labs,6/22/2023,10/9/2023,Corenda,Gohier,330-729-0770,cgohierj6@weather.com,691
Tech Research Co.,12/17/2022,2/2/2023,Hodge,Mantz,709-769-9473,hmantzj7@newsvine.com,692
Data Insights Inc.,4/1/2023,4/17/2023,Glen,Lumsdaine,944-323-5019,glumsdainej8@cornell.edu,693
Global Analytics,10/7/2023,12/16/2022,Berkie,Olijve,263-175-1026,bolijvej9@time.com,694
Knowledge Quest,10/26/2023,10/5/2023,Haslett,Sherel,278-410-4761,hsherelja@fastcompany.com,695
Research Innovators,3/22/2023,9/27/2023,Gisela,Keling,425-509-7553,gkelingjb@oakley.com,696
Innovate Solutions,9/7/2023,10/6/2023,Jamesy,Cansdall,788-879-1765,jcansdalljc@weather.com,697
Advanced Research Labs,7/14/2023,12/9/2022,De,Levensky,811-981-8178,dlevenskyjd@tumblr.com,698
Research Innovators,5/13/2023,8/3/2023,Wilma,McGreary,285-827-8530,wmcgrearyje@wikia.com,699
Research Innovators,12/30/2022,11/5/2023,Roman,Ganley,937-964-7395,rganleyjf@unc.edu,700
Global Analytics,4/11/2023,7/13/2023,Beatrice,Waterdrinker,317-670-1195,bwaterdrinkerjg@shutterfly.com,701
Advanced Research Labs,1/19/2023,4/11/2023,Corbett,Philpotts,882-941-1216,cphilpottsjh@yolasite.com,702
Innovate Solutions,8/14/2023,11/11/2023,Robbert,Struttman,101-344-2882,rstruttmanji@weibo.com,703
Insightful Analytics,10/7/2023,7/18/2023,Wynne,Goldup,455-523-7048,wgoldupjj@foxnews.com,704
Advanced Research Labs,3/20/2023,8/27/2023,Eldin,Maslen,373-704-2363,emaslenjk@globo.com,705
Innovate Solutions,2/22/2023,6/4/2023,Babita,Laville,935-224-1949,blavillejl@etsy.com,706
Innovate Solutions,9/2/2023,11/9/2023,Johannah,Fawcett,884-201-5196,jfawcettjm@timesonline.co.uk,707
Insightful Analytics,8/21/2023,4/3/2023,Prudence,Zapatero,254-256-1468,pzapaterojn@xrea.com,708
Discovery Research,3/9/2023,8/14/2023,Vanny,Rubinek,522-354-4372,vrubinekjo@shareasale.com,709
Knowledge Quest,10/17/2023,5/27/2023,Kerrin,Mainds,453-793-4825,kmaindsjp@auda.org.au,710
Tech Research Co.,3/5/2023,7/25/2023,Giorgi,Comini,893-582-5812,gcominijq@hhs.gov,711
Global Analytics,7/16/2023,5/5/2023,Reinhold,Hillock,560-339-1109,rhillockjr@google.cn,712
Acme Research,4/23/2023,11/2/2023,George,Maypother,766-986-4279,gmaypotherjs@google.co.uk,713
Acme Research,2/12/2023,5/30/2023,Chlo,Dew,451-106-4307,cdewjt@wikimedia.org,714
Insightful Analytics,9/7/2023,6/15/2023,Derril,Ciementini,577-225-8898,dciementiniju@de.vu,715
Innovate Solutions,9/12/2023,11/25/2023,Wake,Robatham,421-685-2000,wrobathamjv@unblog.fr,716
Research Innovators,2/15/2023,3/22/2023,Kelsey,Grimbleby,734-598-1158,kgrimblebyjw@google.com.br,717
Global Analytics,12/6/2022,5/2/2023,Tammy,Moye,641-805-0560,tmoyejx@aboutads.info,718
Global Analytics,12/18/2022,1/31/2023,Charyl,Mangin,426-750-8671,cmanginjy@eepurl.com,719
Knowledge Quest,1/10/2023,8/20/2023,Gilbertina,Adolphine,433-205-8249,gadolphinejz@blog.com,720
Insightful Analytics,4/1/2023,1/11/2023,Jackie,Mingasson,224-389-7809,jmingassonk0@is.gd,721
Advanced Research Labs,3/14/2023,8/8/2023,Reggi,MacGuffie,970-441-5962,rmacguffiek1@fc2.com,722
Tech Research Co.,1/22/2023,2/17/2023,Janette,Mc Trusty,407-309-7169,jmctrustyk2@reverbnation.com,723
Innovate Solutions,11/14/2023,10/26/2023,Meryl,McShane,839-999-1866,mmcshanek3@topsy.com,724
Data Insights Inc.,12/11/2022,8/16/2023,Joelynn,Giraux,936-533-5154,jgirauxk4@prlog.org,725
Tech Research Co.,3/26/2023,6/29/2023,Ronnie,Somner,807-687-1915,rsomnerk5@fc2.com,726
Discovery Research,12/4/2023,6/27/2023,Leda,Wardington,533-627-9168,lwardingtonk6@oakley.com,727
Innovate Solutions,3/12/2023,3/26/2023,Aurthur,Bull,329-607-2199,abullk7@google.de,728
Data Insights Inc.,4/19/2023,8/7/2023,Lyn,Gresswood,873-590-4227,lgresswoodk8@topsy.com,729
Research Innovators,11/9/2023,5/26/2023,Jaymie,Rosander,173-327-0412,jrosanderk9@sbwire.com,730
Research Innovators,11/11/2023,7/10/2023,Gert,Fitzroy,292-443-1167,gfitzroyka@ed.gov,731
Insightful Analytics,8/2/2023,7/5/2023,Sully,Slack,578-666-7604,sslackkb@examiner.com,732
Advanced Research Labs,8/20/2023,1/7/2023,Carroll,Cheverell,760-184-9673,ccheverellkc@bigcartel.com,733
Insightful Analytics,5/23/2023,3/1/2023,Nicki,Bernath,973-642-1505,nbernathkd@blogspot.com,734
Global Analytics,1/25/2023,11/2/2023,Niko,Graveston,286-699-5696,ngravestonke@globo.com,735
Knowledge Quest,4/16/2023,9/20/2023,Krisha,Stivey,197-511-4905,kstiveykf@msu.edu,736
Insightful Analytics,2/28/2023,10/10/2023,Monika,Pund,424-672-2080,mpundkg@prnewswire.com,737
Advanced Research Labs,12/15/2022,2/3/2023,Dino,Butlin,167-768-5945,dbutlinkh@abc.net.au,738
Research Innovators,1/30/2023,11/16/2023,Mozelle,MacKall,404-554-0556,mmackallki@cornell.edu,739
Data Insights Inc.,9/1/2023,8/24/2023,Corliss,Egginson,357-141-3562,cegginsonkj@vimeo.com,740
Discovery Research,1/18/2023,12/11/2022,Diarmid,Groves,390-940-5646,dgroveskk@goo.ne.jp,741
Insightful Analytics,12/5/2023,3/12/2023,Brett,Cheeney,187-433-6207,bcheeneykl@xing.com,742
Advanced Research Labs,5/28/2023,9/19/2023,Cordi,Innwood,328-741-1844,cinnwoodkm@hhs.gov,743
Research Innovators,4/2/2023,9/17/2023,Sancho,Sweetenham,278-350-9758,ssweetenhamkn@cnbc.com,744
Global Analytics,12/15/2022,11/7/2023,Lynn,Points,653-652-1994,lpointsko@virginia.edu,745
Acme Research,4/26/2023,3/29/2023,Ninette,Houldin,447-394-8785,nhouldinkp@miibeian.gov.cn,746
Innovate Solutions,2/5/2023,4/9/2023,Delmer,Wardlaw,421-403-8843,dwardlawkq@360.cn,747
Data Insights Inc.,9/4/2023,7/20/2023,Elva,McColm,851-689-8131,emccolmkr@cpanel.net,748
Tech Research Co.,5/27/2023,8/30/2023,Brittany,Strettle,306-866-7377,bstrettleks@businessweek.com,749
Acme Research,10/20/2023,10/8/2023,Davis,Coulthard,516-723-6558,dcoulthardkt@tripadvisor.com,750
Discovery Research,9/20/2023,4/10/2023,Andria,Drover,402-821-3357,adroverku@twitpic.com,751
Innovate Solutions,3/25/2023,6/2/2023,Consuela,Rumsey,689-313-7431,crumseykv@gizmodo.com,752
Knowledge Quest,9/30/2023,4/16/2023,Lek,Goldsbrough,668-929-4884,lgoldsbroughkw@ustream.tv,753
Acme Research,10/26/2023,11/4/2023,Carlyle,Toal,626-857-7345,ctoalkx@cnet.com,754
Advanced Research Labs,10/3/2023,7/15/2023,Ainslee,Reynalds,735-807-1708,areynaldsky@time.com,755
Data Insights Inc.,8/2/2023,10/27/2023,Aron,Burry,771-668-0842,aburrykz@wordpress.com,756
Acme Research,5/7/2023,9/3/2023,Naoma,Mallebone,704-474-2883,nmallebonel0@e-recht24.de,757
Research Innovators,9/8/2023,7/16/2023,Jessie,Roscow,242-579-0950,jroscowl1@rediff.com,758
Innovate Solutions,2/27/2023,1/26/2023,Helli,Brittan,359-460-7172,hbrittanl2@army.mil,759
Advanced Research Labs,4/2/2023,11/9/2023,Martino,Filchagin,253-730-4117,mfilchaginl3@sfgate.com,760
Global Analytics,12/21/2022,1/20/2023,Roshelle,Curnok,704-441-5205,rcurnokl4@digg.com,761
Innovate Solutions,4/14/2023,3/22/2023,Malcolm,Demonge,889-205-2519,mdemongel5@ovh.net,762
Knowledge Quest,8/13/2023,10/19/2023,Randi,Nestor,326-607-2842,rnestorl6@hhs.gov,763
Acme Research,3/30/2023,5/6/2023,Hartley,Smitheman,767-144-1627,hsmithemanl7@xinhuanet.com,764
Discovery Research,5/25/2023,11/26/2023,Stepha,Dunn,788-406-9017,sdunnl8@squarespace.com,765
Tech Research Co.,4/24/2023,3/21/2023,Delcina,Spours,748-362-1110,dspoursl9@imdb.com,766
Data Insights Inc.,7/3/2023,4/10/2023,Zechariah,Bramstom,814-387-1270,zbramstomla@un.org,767
Research Innovators,8/31/2023,12/15/2022,Kaja,Bristoe,540-228-8011,kbristoelb@berkeley.edu,768
Global Analytics,10/31/2023,12/10/2022,Murial,Pellant,845-638-6742,mpellantlc@hc360.com,769
Data Insights Inc.,3/6/2023,8/5/2023,Xena,Asplin,417-393-9922,xasplinld@umn.edu,770
Data Insights Inc.,10/20/2023,8/18/2023,Katrinka,Abramovitch,327-715-3730,kabramovitchle@dmoz.org,771
Acme Research,12/8/2022,9/22/2023,Orson,Manon,975-381-5570,omanonlf@msu.edu,772
Discovery Research,12/18/2022,9/1/2023,Germana,Sayce,808-450-6246,gsaycelg@myspace.com,773
Discovery Research,8/7/2023,7/5/2023,Loren,Janoschek,292-581-9400,ljanoscheklh@a8.net,774
Discovery Research,8/20/2023,4/16/2023,Shell,Breslauer,414-340-8196,sbreslauerli@usnews.com,775
Innovate Solutions,2/10/2023,8/30/2023,Adora,Felix,104-277-7904,afelixlj@blinklist.com,776
Advanced Research Labs,12/5/2022,10/28/2023,Vito,Sivills,577-182-4228,vsivillslk@mashable.com,777
Discovery Research,1/26/2023,7/30/2023,Valma,Buller,107-738-8555,vbullerll@macromedia.com,778
Insightful Analytics,9/28/2023,4/22/2023,Alfonso,Kacheler,894-516-0731,akachelerlm@people.com.cn,779
Data Insights Inc.,8/7/2023,11/26/2023,Phillie,McKeighen,185-198-4874,pmckeighenln@youtu.be,780
Acme Research,3/20/2023,1/28/2023,Mabelle,Petrovic,193-914-5015,mpetroviclo@unc.edu,781
Innovate Solutions,7/18/2023,9/14/2023,Moss,Human,809-239-9392,mhumanlp@cargocollective.com,782
Global Analytics,5/17/2023,3/31/2023,Reba,McKinty,622-895-2931,rmckintylq@tripod.com,783
Advanced Research Labs,9/6/2023,9/23/2023,Duky,Lebbon,283-698-2826,dlebbonlr@t-online.de,784
Discovery Research,8/23/2023,8/12/2023,Delmer,McIlwreath,982-658-1083,dmcilwreathls@indiegogo.com,785
Global Analytics,1/20/2023,4/13/2023,Munroe,Mapes,586-295-1557,mmapeslt@storify.com,786
Data Insights Inc.,8/11/2023,9/15/2023,Inger,Cozins,463-154-4326,icozinslu@google.es,787
Knowledge Quest,6/26/2023,11/23/2023,Giuditta,Loddon,196-350-3091,gloddonlv@yellowbook.com,788
Acme Research,6/29/2023,2/26/2023,Lucina,Dictus,628-974-8928,ldictuslw@webs.com,789
Discovery Research,2/27/2023,10/10/2023,Errol,Bogie,316-458-5806,ebogielx@canalblog.com,790
Acme Research,1/20/2023,7/11/2023,Cicely,Stone Fewings,350-133-3882,cstonefewingsly@dmoz.org,791
Data Insights Inc.,12/10/2022,9/14/2023,Amos,Joanic,481-269-6919,ajoaniclz@cbsnews.com,792
Research Innovators,9/26/2023,9/8/2023,Alessandro,Bennett,373-443-5300,abennettm0@tinypic.com,793
Research Innovators,1/12/2023,12/14/2022,Marnia,Drinkhall,366-528-2103,mdrinkhallm1@livejournal.com,794
Innovate Solutions,8/4/2023,1/12/2023,Gonzalo,Skate,615-595-4444,gskatem2@nsw.gov.au,795
Global Analytics,6/30/2023,11/1/2023,Liana,Limerick,528-855-7928,llimerickm3@census.gov,796
Tech Research Co.,3/3/2023,5/10/2023,Nichole,Edgworth,652-529-2338,nedgworthm4@e-recht24.de,797
Advanced Research Labs,6/9/2023,10/24/2023,Cassandre,Craze,640-227-1428,ccrazem5@hexun.com,798
Advanced Research Labs,4/21/2023,6/14/2023,Ted,Bardsley,889-786-1456,tbardsleym6@technorati.com,799
Advanced Research Labs,4/13/2023,5/5/2023,Esra,Cowp,650-557-7427,ecowpm7@hc360.com,800
Tech Research Co.,7/26/2023,11/24/2023,Teriann,Pugsley,391-286-3838,tpugsleym8@infoseek.co.jp,801
Research Innovators,9/25/2023,10/2/2023,Sven,Lillie,332-931-2549,slilliem9@privacy.gov.au,802
Data Insights Inc.,10/4/2023,4/5/2023,Celestine,Atcock,790-744-1246,catcockma@weather.com,803
Acme Research,3/28/2023,10/11/2023,Fey,Campana,748-216-1177,fcampanamb@oaic.gov.au,804
Acme Research,2/2/2023,1/16/2023,Rebecca,Corben,840-533-1250,rcorbenmc@sina.com.cn,805
Discovery Research,2/22/2023,10/22/2023,Rod,Narup,792-671-4478,rnarupmd@people.com.cn,806
Tech Research Co.,11/21/2023,1/25/2023,Rosaleen,Jakab,806-882-1694,rjakabme@cbslocal.com,807
Global Analytics,10/8/2023,11/12/2023,Serene,Gammon,369-290-2761,sgammonmf@phpbb.com,808
Research Innovators,7/10/2023,9/5/2023,Katharine,Dodshon,512-668-8921,kdodshonmg@privacy.gov.au,809
Global Analytics,7/19/2023,3/3/2023,Jesus,Iggo,542-243-7379,jiggomh@google.com.hk,810
Data Insights Inc.,3/18/2023,11/8/2023,Tierney,De Dantesie,260-476-5369,tdedantesiemi@sohu.com,811
Data Insights Inc.,11/19/2023,9/23/2023,Lorenzo,Ateggart,538-697-0864,lateggartmj@cmu.edu,812
Acme Research,1/25/2023,3/23/2023,Pansy,Burmaster,785-260-8118,pburmastermk@csmonitor.com,813
Discovery Research,4/2/2023,11/12/2023,Godfry,Furmage,857-270-9518,gfurmageml@google.de,814
Data Insights Inc.,9/7/2023,2/14/2023,Rae,Blackman,108-307-8254,rblackmanmm@imgur.com,815
Insightful Analytics,6/23/2023,1/10/2023,Nariko,Starford,822-652-0583,nstarfordmn@people.com.cn,816
Acme Research,7/22/2023,6/21/2023,Valentine,Tulloch,527-213-6356,vtullochmo@reuters.com,817
Advanced Research Labs,12/6/2023,2/14/2023,Nelly,Dallmann,360-902-4251,ndallmannmp@topsy.com,818
Discovery Research,11/16/2023,2/20/2023,Kliment,Briance,721-544-5127,kbriancemq@hhs.gov,819
Data Insights Inc.,8/23/2023,2/6/2023,Monika,Chastelain,110-455-9051,mchastelainmr@amazon.co.uk,820
Data Insights Inc.,2/24/2023,10/19/2023,Abra,Dagleas,847-194-2155,adagleasms@free.fr,821
Innovate Solutions,8/30/2023,3/7/2023,Silvester,Luce,308-729-7189,slucemt@tinypic.com,822
Knowledge Quest,6/17/2023,5/12/2023,Ellis,Maunsell,986-385-8048,emaunsellmu@jalbum.net,823
Tech Research Co.,1/24/2023,5/24/2023,Leontine,Jeggo,458-946-6044,ljeggomv@typepad.com,824
Tech Research Co.,11/17/2023,4/8/2023,Daniella,Hasted,563-520-0843,dhastedmw@bloglovin.com,825
Knowledge Quest,2/22/2023,2/14/2023,Krishna,Mandrake,937-451-8994,kmandrakemx@google.com.br,826
Data Insights Inc.,1/25/2023,1/21/2023,De witt,Carlucci,853-384-9343,dcarluccimy@pcworld.com,827
Tech Research Co.,7/10/2023,3/19/2023,Justis,Saltsberger,354-475-6155,jsaltsbergermz@un.org,828
Discovery Research,3/23/2023,3/16/2023,Web,Pullar,228-636-0294,wpullarn0@blogspot.com,829
Advanced Research Labs,9/11/2023,3/31/2023,Bobette,Sowray,313-187-9465,bsowrayn1@seesaa.net,830
Discovery Research,10/6/2023,10/21/2023,Devon,Kivelle,251-650-3950,dkivellen2@deliciousdays.com,831
Research Innovators,8/29/2023,12/9/2022,Clevie,Zannuto,841-124-8884,czannuton3@angelfire.com,832
Data Insights Inc.,12/31/2022,4/14/2023,Giles,Freckleton,513-994-6327,gfreckletonn4@yahoo.co.jp,833
Discovery Research,7/30/2023,3/26/2023,Falito,Rosenfarb,256-407-1496,frosenfarbn5@ezinearticles.com,834
Advanced Research Labs,8/30/2023,6/3/2023,Blane,Dockery,413-881-4355,bdockeryn6@hostgator.com,835
Tech Research Co.,8/1/2023,7/11/2023,Fabiano,Joannet,846-215-3348,fjoannetn7@jugem.jp,836
Tech Research Co.,6/8/2023,7/7/2023,Aloysius,Coley,818-266-0399,acoleyn8@ezinearticles.com,837
Innovate Solutions,5/20/2023,10/10/2023,Geoff,Woodvine,693-178-6642,gwoodvinen9@who.int,838
Discovery Research,8/3/2023,12/4/2022,Mitch,Earney,502-537-2059,mearneyna@bloomberg.com,839
Knowledge Quest,5/1/2023,11/2/2023,Gusella,Kubala,463-887-2138,gkubalanb@tumblr.com,840
Innovate Solutions,4/14/2023,8/4/2023,Ashly,Le Brum,769-254-3793,alebrumnc@theatlantic.com,841
Data Insights Inc.,7/2/2023,1/25/2023,Staffard,Waud,229-632-8064,swaudnd@sitemeter.com,842
Research Innovators,10/2/2023,5/30/2023,Jacinta,Benallack,597-654-7719,jbenallackne@toplist.cz,843
Research Innovators,9/5/2023,10/14/2023,Eunice,Selly,620-891-4894,esellynf@ucoz.com,844
Knowledge Quest,8/15/2023,9/19/2023,Felicity,Cornau,515-946-6211,fcornaung@techcrunch.com,845
Innovate Solutions,8/14/2023,8/31/2023,Dell,Eggleson,556-737-1166,degglesonnh@cargocollective.com,846
Discovery Research,10/17/2023,2/5/2023,Tamarah,Gerrels,765-195-2286,tgerrelsni@nifty.com,847
Acme Research,6/9/2023,11/21/2023,Wendell,Holgan,871-937-1134,wholgannj@nifty.com,848
Global Analytics,5/23/2023,12/9/2022,Cristi,Cosford,512-373-1863,ccosfordnk@lycos.com,849
Acme Research,6/24/2023,11/11/2023,Rufus,Tanslie,663-117-9676,rtanslienl@adobe.com,850
Advanced Research Labs,5/13/2023,12/13/2022,Felice,Colthard,323-427-6402,fcolthardnm@cyberchimps.com,851
Knowledge Quest,3/15/2023,9/12/2023,Viviana,Stanluck,919-529-4413,vstanlucknn@si.edu,852
Tech Research Co.,2/17/2023,5/3/2023,Tiffy,Freeberne,209-368-3692,tfreeberneno@wikia.com,853
Data Insights Inc.,8/29/2023,5/13/2023,Barn,O' Hogan,632-678-1470,bohogannp@wikia.com,854
Research Innovators,3/12/2023,10/9/2023,Marion,Stobbs,431-195-1936,mstobbsnq@hostgator.com,855
Discovery Research,8/1/2023,6/26/2023,Benny,Kornel,842-767-7886,bkornelnr@sitemeter.com,856
Data Insights Inc.,9/19/2023,9/28/2023,Alexandre,Mundford,421-292-4455,amundfordns@sciencedirect.com,857
Tech Research Co.,9/13/2023,6/3/2023,Kimball,Phipard-Shears,338-274-9732,kphipardshearsnt@alibaba.com,858
Discovery Research,2/9/2023,12/3/2023,Chaddie,Syder,543-406-4996,csydernu@gizmodo.com,859
Data Insights Inc.,9/22/2023,10/14/2023,Harmonia,Alway,773-397-2722,halwaynv@tripadvisor.com,860
Tech Research Co.,6/14/2023,12/14/2022,Ardenia,Gligori,529-918-5675,agligorinw@macromedia.com,861
Tech Research Co.,7/13/2023,12/15/2022,Kassey,Frizell,862-717-3049,kfrizellnx@nyu.edu,862
Advanced Research Labs,11/11/2023,4/13/2023,Christoforo,Benitez,552-344-4612,cbenitezny@goo.ne.jp,863
Discovery Research,10/21/2023,10/2/2023,Waylen,Muat,671-575-3452,wmuatnz@whitehouse.gov,864
Discovery Research,12/6/2023,1/15/2023,Carita,Trelease,765-715-6850,ctreleaseo0@php.net,865
Research Innovators,8/11/2023,2/20/2023,Jonathon,Challiner,798-223-7363,jchallinero1@vimeo.com,866
Global Analytics,4/13/2023,1/7/2023,Christophorus,Barkhouse,861-565-6367,cbarkhouseo2@fema.gov,867
Acme Research,2/28/2023,9/10/2023,Ailey,Sampson,152-683-5050,asampsono3@typepad.com,868
Advanced Research Labs,2/9/2023,9/27/2023,Red,Das,415-127-9710,rdaso4@vkontakte.ru,869
Research Innovators,2/14/2023,2/2/2023,Xymenes,Bruckent,831-508-9666,xbruckento5@mapy.cz,870
Advanced Research Labs,6/4/2023,9/19/2023,Alex,Kintish,642-116-8216,akintisho6@seesaa.net,871
Discovery Research,2/19/2023,3/14/2023,Amy,Pentland,353-344-0591,apentlando7@vkontakte.ru,872
Acme Research,11/27/2023,11/5/2023,Byron,Zotto,212-693-3452,bzottoo8@flickr.com,873
Advanced Research Labs,6/27/2023,8/20/2023,Isacco,Grissett,774-285-0027,igrissetto9@wp.com,874
Research Innovators,12/10/2022,4/18/2023,Myrtie,Burland,798-846-7349,mburlandoa@go.com,875
Acme Research,5/11/2023,10/27/2023,Dennie,Sim,301-521-1273,dsimob@qq.com,876
Discovery Research,5/26/2023,3/21/2023,Kira,Frary,987-352-5802,kfraryoc@nyu.edu,877
Innovate Solutions,12/19/2022,10/16/2023,Ginger,Mecozzi,829-516-0217,gmecozziod@house.gov,878
Data Insights Inc.,12/7/2023,12/30/2022,Hildagarde,Gainsford,180-255-0961,hgainsfordoe@state.tx.us,879
Global Analytics,8/1/2023,5/22/2023,Staffard,Trimbey,239-408-7064,strimbeyof@tmall.com,880
Advanced Research Labs,5/24/2023,9/7/2023,Gerhard,Dwyer,208-949-9933,gdwyerog@com.com,881
Data Insights Inc.,1/12/2023,3/29/2023,Vasili,Zannolli,327-714-4658,vzannollioh@reuters.com,882
Research Innovators,10/20/2023,7/2/2023,Silvio,Stubbe,166-187-5226,sstubbeoi@constantcontact.com,883
Research Innovators,8/29/2023,2/17/2023,Lesley,Purshouse,415-693-4038,lpurshouseoj@bloglines.com,884
Research Innovators,10/11/2023,1/1/2023,Talbert,Clowney,915-726-4690,tclowneyok@studiopress.com,885
Advanced Research Labs,5/24/2023,6/26/2023,Bjorn,Cristofori,406-244-0725,bcristoforiol@phoca.cz,886
Insightful Analytics,8/31/2023,3/6/2023,Rozanne,Gomes,941-312-6391,rgomesom@ocn.ne.jp,887
Tech Research Co.,8/14/2023,3/6/2023,Ethe,Cattel,103-985-5507,ecattelon@oracle.com,888
Acme Research,5/31/2023,1/18/2023,Denyse,Snawdon,407-878-1185,dsnawdonoo@wordpress.org,889
Research Innovators,10/3/2023,11/28/2023,Kaleb,Guyers,503-231-9315,kguyersop@comsenz.com,890
Discovery Research,11/4/2023,8/24/2023,Sunny,Pirt,782-612-3515,spirtoq@earthlink.net,891
Acme Research,9/16/2023,7/13/2023,Mariellen,Brooksbie,662-794-8217,mbrooksbieor@hugedomains.com,892
Knowledge Quest,1/11/2023,8/21/2023,Aleda,Brookwood,175-394-9714,abrookwoodos@google.co.jp,893
Tech Research Co.,6/9/2023,12/28/2022,Em,Lownsbrough,903-556-2500,elownsbroughot@yandex.ru,894
Tech Research Co.,8/6/2023,5/13/2023,Nichol,De Caville,589-692-3290,ndecavilleou@exblog.jp,895
Advanced Research Labs,7/22/2023,1/18/2023,Esra,Braidford,653-931-7057,ebraidfordov@howstuffworks.com,896
Data Insights Inc.,6/9/2023,5/11/2023,Bil,Raddish,751-329-7271,braddishow@upenn.edu,897
Tech Research Co.,7/6/2023,8/26/2023,Hyacinthie,Koppes,367-603-4785,hkoppesox@reference.com,898
Innovate Solutions,4/26/2023,4/5/2023,Anallise,Ravilus,777-988-9299,aravilusoy@smh.com.au,899
Knowledge Quest,10/27/2023,5/24/2023,Veronike,Skures,142-969-0034,vskuresoz@smugmug.com,900
Insightful Analytics,12/17/2022,1/8/2023,Jacintha,Somerville,246-563-2225,jsomervillep0@dailymail.co.uk,901
Acme Research,1/21/2023,10/26/2023,Brandice,Vasler,182-450-4077,bvaslerp1@pagesperso-orange.fr,902
Acme Research,6/21/2023,11/21/2023,Ken,Errichelli,991-552-7843,kerrichellip2@intel.com,903
Advanced Research Labs,10/27/2023,5/17/2023,Dido,Craighill,812-232-6404,dcraighillp3@cloudflare.com,904
Global Analytics,6/4/2023,7/15/2023,Deck,Lowther,282-506-8650,dlowtherp4@dot.gov,905
Insightful Analytics,3/26/2023,12/18/2022,Daisey,Tilby,305-361-0990,dtilbyp5@gmpg.org,906
Knowledge Quest,7/14/2023,8/10/2023,Steffi,Keeling,772-930-9252,skeelingp6@ca.gov,907
Knowledge Quest,5/31/2023,3/31/2023,Wallie,Hay,202-883-5541,whayp7@mtv.com,908
Advanced Research Labs,11/14/2023,2/6/2023,Peta,Bachellier,465-193-8339,pbachellierp8@cargocollective.com,909
Discovery Research,9/12/2023,2/9/2023,Sheena,Barrow,864-347-9045,sbarrowp9@telegraph.co.uk,910
Insightful Analytics,2/19/2023,11/19/2023,Regine,Zeale,700-619-2545,rzealepa@apple.com,911
Global Analytics,3/7/2023,11/27/2023,Jacquie,Kenny,726-938-4423,jkennypb@weibo.com,912
Global Analytics,8/16/2023,2/24/2023,Tremayne,Cheales,902-390-8936,tchealespc@elegantthemes.com,913
Knowledge Quest,9/24/2023,10/17/2023,Rhetta,Congreave,302-617-1715,rcongreavepd@gizmodo.com,914
Global Analytics,5/20/2023,12/31/2022,Norbie,Brabin,786-328-4887,nbrabinpe@geocities.jp,915
Discovery Research,3/31/2023,2/21/2023,Ahmed,Geram,254-849-6310,agerampf@plala.or.jp,916
Global Analytics,12/18/2022,3/28/2023,Amalia,Tatershall,523-599-7300,atatershallpg@freewebs.com,917
Knowledge Quest,10/17/2023,8/12/2023,Gae,Shipway,952-395-9506,gshipwayph@ning.com,918
Tech Research Co.,9/5/2023,4/19/2023,Dasya,Cauldfield,909-208-6416,dcauldfieldpi@statcounter.com,919
Research Innovators,8/31/2023,10/26/2023,Dulcia,Crookes,901-546-4572,dcrookespj@senate.gov,920
Advanced Research Labs,6/26/2023,1/29/2023,Ophelia,Adey,645-955-5620,oadeypk@about.com,921
Tech Research Co.,7/25/2023,9/21/2023,Ernesto,Hoffman,152-549-3884,ehoffmanpl@cornell.edu,922
Tech Research Co.,10/29/2023,7/11/2023,Cicely,Bosden,978-941-5762,cbosdenpm@ucoz.com,923
Innovate Solutions,6/17/2023,10/3/2023,Vincenz,Flacke,297-472-7569,vflackepn@edublogs.org,924
Innovate Solutions,9/6/2023,3/6/2023,Sibylla,Berr,494-524-3545,sberrpo@dmoz.org,925
Innovate Solutions,1/25/2023,3/9/2023,Noah,Moan,927-777-3966,nmoanpp@auda.org.au,926
Discovery Research,5/14/2023,10/10/2023,Nicol,Nisbet,352-235-9765,nnisbetpq@naver.com,927
Research Innovators,9/27/2023,5/28/2023,Osbert,Deschlein,993-174-3672,odeschleinpr@bloglines.com,928
Innovate Solutions,2/9/2023,2/25/2023,Leilah,Poter,501-636-4526,lpoterps@ft.com,929
Innovate Solutions,5/31/2023,10/8/2023,Britt,Roseaman,144-181-2186,broseamanpt@goo.gl,930
Global Analytics,2/26/2023,7/8/2023,Cori,Hasluck,178-810-6286,chasluckpu@cargocollective.com,931
Tech Research Co.,11/1/2023,6/20/2023,Darrelle,Grimditch,781-730-4633,dgrimditchpv@multiply.com,932
Advanced Research Labs,10/31/2023,11/30/2023,Alfredo,Baskeyfield,316-542-7496,abaskeyfieldpw@vistaprint.com,933
Research Innovators,12/5/2023,4/8/2023,Kellen,Bletsoe,860-183-9216,kbletsoepx@rediff.com,934
Insightful Analytics,8/5/2023,10/2/2023,Brittany,Blaksland,681-852-3609,bblakslandpy@deliciousdays.com,935
Tech Research Co.,2/7/2023,10/13/2023,Chad,Lacknor,417-174-9381,clacknorpz@ameblo.jp,936
Insightful Analytics,6/9/2023,3/3/2023,Ernestine,Gregson,791-292-1383,egregsonq0@e-recht24.de,937
Insightful Analytics,11/27/2023,3/1/2023,Malia,Garlette,689-667-6421,mgarletteq1@canalblog.com,938
Research Innovators,11/27/2023,3/4/2023,Ursula,Corstan,714-204-4245,ucorstanq2@narod.ru,939
Innovate Solutions,7/22/2023,9/7/2023,Anthe,Furley,953-846-6741,afurleyq3@aboutads.info,940
Research Innovators,5/19/2023,5/30/2023,Hank,Bedenham,160-808-9200,hbedenhamq4@vk.com,941
Advanced Research Labs,2/2/2023,8/9/2023,Ailey,Brizell,877-645-6658,abrizellq5@dell.com,942
Research Innovators,3/26/2023,7/21/2023,Leta,Effaunt,119-797-8100,leffauntq6@sitemeter.com,943
Tech Research Co.,8/1/2023,2/18/2023,Belita,Wimms,810-108-6746,bwimmsq7@princeton.edu,944
Knowledge Quest,2/27/2023,3/2/2023,Tonia,Baser,209-987-4783,tbaserq8@omniture.com,945
Global Analytics,11/29/2023,3/13/2023,Phillis,Gaywood,497-732-3670,pgaywoodq9@tiny.cc,946
Innovate Solutions,1/2/2023,6/23/2023,Fey,Mouse,868-923-2524,fmouseqa@domainmarket.com,947
Innovate Solutions,6/6/2023,7/29/2023,Dayna,Fenelow,289-407-4271,dfenelowqb@shareasale.com,948
Research Innovators,4/10/2023,12/31/2022,Myles,Gedney,872-494-6659,mgedneyqc@youtu.be,949
Knowledge Quest,9/25/2023,7/30/2023,Bartlet,Drummond,158-212-0957,bdrummondqd@microsoft.com,950
Innovate Solutions,7/10/2023,6/28/2023,Rutter,Massard,877-382-9459,rmassardqe@printfriendly.com,951
Innovate Solutions,4/5/2023,9/7/2023,Jerrilyn,Kalkofer,482-885-9236,jkalkoferqf@answers.com,952
Insightful Analytics,2/6/2023,7/28/2023,Grannie,Balderson,911-392-0219,gbaldersonqg@examiner.com,953
Discovery Research,8/21/2023,9/8/2023,Wendall,Alfwy,473-513-1515,walfwyqh@utexas.edu,954
Data Insights Inc.,9/3/2023,10/19/2023,Devan,Tremouille,407-572-1175,dtremouilleqi@example.com,955
Tech Research Co.,9/5/2023,12/6/2022,Jayne,Teenan,245-302-1190,jteenanqj@livejournal.com,956
Global Analytics,8/13/2023,6/16/2023,Gustave,Tesh,697-709-7287,gteshqk@yellowpages.com,957
Insightful Analytics,8/22/2023,12/5/2022,Waylen,MacBain,202-123-5783,wmacbainql@google.fr,958
Tech Research Co.,4/27/2023,10/1/2023,Arlana,Dunbobin,256-832-6511,adunbobinqm@tinyurl.com,959
Knowledge Quest,7/24/2023,9/8/2023,Adria,Dunster,683-219-5754,adunsterqn@slashdot.org,960
Research Innovators,5/27/2023,3/14/2023,Lu,Soans,738-652-5755,lsoansqo@reverbnation.com,961
Knowledge Quest,1/20/2023,2/2/2023,Brand,Bowers,540-194-0781,bbowersqp@hibu.com,962
Knowledge Quest,11/14/2023,8/28/2023,Freddy,MacAlister,253-754-3382,fmacalisterqq@icio.us,963
Tech Research Co.,6/6/2023,3/22/2023,Cirillo,Eykel,905-224-4482,ceykelqr@craigslist.org,964
Discovery Research,10/5/2023,5/7/2023,Sunshine,Zumbusch,288-918-6783,szumbuschqs@weibo.com,965
Global Analytics,4/24/2023,10/3/2023,Charlene,Walak,213-814-2961,cwalakqt@ibm.com,966
Knowledge Quest,9/8/2023,3/10/2023,Meggi,Pilmer,539-212-7472,mpilmerqu@gizmodo.com,967
Tech Research Co.,4/19/2023,12/24/2022,Leigh,Copland,732-887-7089,lcoplandqv@cnbc.com,968
Insightful Analytics,12/13/2022,9/8/2023,Alecia,Bubbins,489-587-7644,abubbinsqw@t.co,969
Discovery Research,2/3/2023,6/30/2023,Benoite,Bladder,797-494-2851,bbladderqx@phoca.cz,970
Data Insights Inc.,11/7/2023,4/6/2023,Adora,Malcher,479-827-6647,amalcherqy@privacy.gov.au,971
Research Innovators,7/14/2023,1/5/2023,Brear,Welman,960-531-0923,bwelmanqz@google.de,972
Data Insights Inc.,5/21/2023,5/27/2023,Paloma,Cereceres,538-447-0766,pcereceresr0@cnn.com,973
Acme Research,8/4/2023,5/28/2023,Martynne,Brind,733-500-4351,mbrindr1@google.com.hk,974
Insightful Analytics,1/1/2023,2/9/2023,Thomasina,Geldeford,207-591-2620,tgeldefordr2@sphinn.com,975
Knowledge Quest,4/13/2023,1/20/2023,Orlando,Cadore,815-941-1776,ocadorer3@senate.gov,976
Advanced Research Labs,6/20/2023,3/3/2023,Rhoda,Blaycock,839-305-0211,rblaycockr4@sphinn.com,977
Data Insights Inc.,12/12/2022,12/3/2023,Cristal,O'Hickey,690-280-4505,cohickeyr5@paypal.com,978
Acme Research,5/10/2023,1/18/2023,Mala,Needs,795-846-1886,mneedsr6@wired.com,979
Tech Research Co.,4/8/2023,4/15/2023,Abbe,Iacovuzzi,175-829-5333,aiacovuzzir7@ocn.ne.jp,980
Insightful Analytics,9/23/2023,11/15/2023,Debee,Hambidge,841-630-9235,dhambidger8@chicagotribune.com,981
Advanced Research Labs,11/28/2023,6/1/2023,Jacinta,Rhyme,854-675-2753,jrhymer9@fema.gov,982
Research Innovators,12/8/2022,4/27/2023,Rafaelita,Gyenes,160-386-8517,rgyenesra@weather.com,983
Innovate Solutions,2/24/2023,8/20/2023,Averyl,Rookesby,505-954-4170,arookesbyrb@salon.com,984
Discovery Research,12/20/2022,7/8/2023,Libbey,Crutchley,833-461-3992,lcrutchleyrc@sciencedirect.com,985
Acme Research,9/23/2023,2/26/2023,Marijo,Wanka,512-116-7556,mwankard@etsy.com,986
Insightful Analytics,12/7/2023,3/22/2023,Artus,Pinkerton,332-197-7698,apinkertonre@photobucket.com,987
Global Analytics,10/22/2023,2/27/2023,Oswell,Greenhow,973-286-3396,ogreenhowrf@google.it,988
Data Insights Inc.,1/7/2023,11/28/2023,Aime,Iddins,298-781-7810,aiddinsrg@noaa.gov,989
Knowledge Quest,8/27/2023,1/15/2023,Valina,Rough,637-774-2667,vroughrh@mtv.com,990
Data Insights Inc.,4/21/2023,9/14/2023,Corene,Mungin,940-948-2278,cmunginri@china.com.cn,991
Knowledge Quest,11/29/2023,10/20/2023,Antonio,Eckert,706-904-1826,aeckertrj@blogs.com,992
Discovery Research,5/9/2023,1/13/2023,Leroy,Theml,183-310-4705,lthemlrk@symantec.com,993
Discovery Research,3/18/2023,11/7/2023,Olympie,Scalia,170-170-8980,oscaliarl@dell.com,994
Discovery Research,12/2/2023,9/4/2023,Cristen,Paute,656-792-2598,cpauterm@slashdot.org,995
Global Analytics,7/17/2023,8/5/2023,Melba,Raddin,647-127-6037,mraddinrn@amazon.co.uk,996
Insightful Analytics,7/28/2023,10/1/2023,Aubrey,Mountain,259-479-7452,amountainro@hatena.ne.jp,997
Global Analytics,7/22/2023,6/26/2023,Lion,Robert,743-572-5780,lrobertrp@cmu.edu,998
Tech Research Co.,12/17/2022,12/16/2022,Ellen,Pentony,901-907-5750,epentonyrq@elegantthemes.com,999
Research Innovators,10/29/2023,7/29/2023,Monti,Gibb,336-103-8336,mgibbrr@biblegateway.com,1000
