firstName,lastName,country,dateJoined,phone,email,totalLikes,dateOfBirth,username
Indira,Bernath,China,11/27/2023,600-770-2377,ibernath0@delicious.com,1612,4/12/1944,1
Justen,Beuscher,Philippines,11/22/2023,460-571-3528,jbeuscher1@dedecms.com,1247,2/2/1965,2
Monica,Schulze,Indonesia,11/22/2023,128-463-2846,mschulze2@npr.org,1056,3/23/1980,3
Poppy,Willcott,Indonesia,4/20/2023,638-735-1244,pwillcott3@163.com,1575,2/8/2010,4
Emelda,Skylett,United States,6/29/2023,704-332-6666,eskylett4@twitter.com,7344,5/3/2021,5
Meridel,Wilkie,Tanzania,6/21/2023,910-577-8855,mwilkie5@hubpages.com,1429,7/1/1997,6
Dorry,Fronks,Portugal,5/18/2023,190-609-4114,dfronks6@etsy.com,9160,11/25/1942,7
Afton,Bainbridge,El Salvador,4/29/2023,540-153-2590,abainbridge7@geocities.com,193,6/8/1961,8
Mellisent,Heffernan,Argentina,8/1/2023,743-747-9578,mheffernan8@hibu.com,3907,4/30/2012,9
Sandor,Rohfsen,Indonesia,10/22/2023,196-153-3732,srohfsen9@php.net,1879,6/19/2004,10
Violante,Brashaw,Russia,2/14/2023,659-419-1638,vbrashawa@chicagotribune.com,5955,7/21/2004,11
Wit,Wooler,Philippines,8/16/2023,899-338-5061,wwoolerb@taobao.com,2303,6/29/2000,12
Liam,Harwood,China,10/24/2023,121-345-2826,lharwoodc@tiny.cc,1904,4/28/1947,13
Kenyon,Bakeup,Portugal,7/30/2023,216-618-5802,kbakeupd@vimeo.com,898,9/5/1979,14
Jacquelyn,Drewet,Philippines,8/26/2023,589-445-6928,jdrewete@friendfeed.com,6298,12/6/1983,15
Harwell,Sattin,China,10/8/2023,723-946-7612,hsattinf@histats.com,7975,6/1/1976,16
Katerine,Munnings,China,11/10/2023,440-559-3642,kmunningsg@facebook.com,8299,10/12/1946,17
Yank,Durden,Portugal,12/14/2022,889-361-9848,ydurdenh@reuters.com,9249,11/20/1952,18
Tonia,Rankcom,Philippines,2/9/2023,121-201-9612,trankcomi@youku.com,5676,4/14/1986,19
Verina,Crafts,Brazil,2/7/2023,955-232-2207,vcraftsj@artisteer.com,9098,7/14/1975,20
Portia,Spriddle,Philippines,11/5/2023,225-365-1024,pspriddlek@noaa.gov,1684,5/13/1969,21
Massimo,Vivien,Sweden,7/17/2023,811-582-1357,mvivienl@photobucket.com,3927,1/19/2015,22
Hyatt,Exrol,China,10/9/2023,941-969-6813,hexrolm@japanpost.jp,6489,12/8/2020,23
Herby,Orht,Portugal,9/30/2023,972-735-1531,horhtn@eventbrite.com,682,12/11/1975,24
Liana,Blackadder,Mexico,4/12/2023,518-537-4550,lblackaddero@unc.edu,2920,10/31/1964,25
Ricca,Duny,Brazil,3/29/2023,551-914-2073,rdunyp@liveinternet.ru,6104,3/16/1959,26
Rodrique,Rhodus,Poland,3/4/2023,159-413-5023,rrhodusq@princeton.edu,1087,12/1/1948,27
Sloane,Lautie,China,10/6/2023,155-905-9994,slautier@noaa.gov,3115,7/16/1967,28
Bearnard,Jessel,Philippines,2/22/2023,631-929-5258,bjessels@ftc.gov,5547,8/26/1943,29
Rhys,Craxford,Portugal,12/26/2022,182-628-0755,rcraxfordt@cornell.edu,826,9/21/2009,30
Rosmunda,Johnes,Russia,5/5/2023,445-889-5260,rjohnesu@auda.org.au,2768,7/26/2021,31
Billy,Arons,Mexico,7/16/2023,690-337-6897,baronsv@cnn.com,4866,3/21/1968,32
Karolina,Seeler,United States,3/5/2023,573-650-9811,kseelerw@digg.com,6419,7/17/2017,33
Rice,Thunderchief,China,8/3/2023,833-433-2659,rthunderchiefx@xing.com,6292,3/4/1981,34
Iolande,Sheal,Sweden,2/20/2023,526-473-0428,ishealy@blogger.com,5821,7/1/1977,35
Galvan,Bilofsky,China,1/18/2023,733-998-8028,gbilofskyz@nytimes.com,4442,4/29/1978,36
Chas,Nern,United Kingdom,2/6/2023,659-536-8138,cnern10@alibaba.com,6883,4/1/2014,37
Danice,Hillitt,Indonesia,12/7/2022,163-306-8533,dhillitt11@multiply.com,6158,11/30/1958,38
Kristopher,Rushe,China,8/22/2023,785-851-8355,krushe12@imageshack.us,3188,2/9/1995,39
Stephanie,Stoggell,China,10/29/2023,765-400-7836,sstoggell13@google.ca,5891,1/16/1958,40
Bay,Castelot,Poland,12/8/2022,539-583-3103,bcastelot14@ucla.edu,4680,4/14/1982,41
Archer,Menichillo,Afghanistan,4/15/2023,548-615-2051,amenichillo15@yellowpages.com,8279,5/14/1946,42
Gwenneth,Tadd,France,5/21/2023,767-113-4695,gtadd16@sphinn.com,2222,2/28/2017,43
Bjorn,Lunn,Indonesia,1/15/2023,413-678-8746,blunn17@e-recht24.de,5358,3/29/1972,44
Susie,Garlee,Indonesia,10/11/2023,503-798-0704,sgarlee18@si.edu,9282,12/9/1975,45
Horatius,Brosenius,Philippines,4/3/2023,547-357-5816,hbrosenius19@tumblr.com,2370,11/15/1952,46
Tammie,Servante,Thailand,12/5/2023,800-554-9303,tservante1a@naver.com,1386,9/15/1980,47
Abner,Malinson,Venezuela,7/3/2023,619-411-3157,amalinson1b@marketwatch.com,4078,4/20/1981,48
Xylina,Hamfleet,Mexico,11/24/2023,156-192-4892,xhamfleet1c@foxnews.com,1689,1/28/1974,49
Terrye,Symms,Thailand,12/12/2022,789-643-9509,tsymms1d@posterous.com,7174,7/28/1953,50
Priscella,Dingate,Canada,7/3/2023,253-722-3579,pdingate1e@mail.ru,9976,1/23/2004,51
Leroy,Dawkins,Philippines,6/26/2023,724-821-8016,ldawkins1f@howstuffworks.com,1646,4/23/2012,52
Zandra,Pavlitschek,Canada,4/6/2023,297-413-8413,zpavlitschek1g@digg.com,8183,12/17/1943,53
Silvan,Katt,Colombia,10/17/2023,911-941-9812,skatt1h@ustream.tv,8055,2/6/1992,54
Waly,Dagger,Indonesia,2/26/2023,837-568-8181,wdagger1i@posterous.com,4181,4/11/1973,55
Clarette,Bolton,China,8/17/2023,200-946-0759,cbolton1j@ehow.com,4975,6/22/2021,56
Janis,Hulles,Philippines,8/22/2023,597-791-2649,jhulles1k@soundcloud.com,9478,1/1/2008,57
Torie,Denisyev,Indonesia,12/6/2023,432-606-5727,tdenisyev1l@dyndns.org,8528,8/10/2014,58
Mara,Laurand,France,1/31/2023,393-114-4443,mlaurand1m@businessweek.com,3442,7/15/2015,59
Bridget,Szachniewicz,Ukraine,1/9/2023,408-944-7352,bszachniewicz1n@boston.com,9815,2/2/1964,60
Barty,Elfleet,Sri Lanka,5/27/2023,250-915-2435,belfleet1o@bloglovin.com,4995,1/26/2002,61
Dougy,McLenahan,Peru,3/19/2023,262-797-5570,dmclenahan1p@businessweek.com,8715,1/23/1982,62
Gun,Iskowitz,Indonesia,4/14/2023,365-152-2632,giskowitz1q@youtu.be,5665,12/11/1950,63
Adelheid,Havenhand,Portugal,9/1/2023,428-721-9741,ahavenhand1r@infoseek.co.jp,3070,6/2/1966,64
Gelya,Rolf,Switzerland,7/20/2023,423-410-4533,grolf1s@oracle.com,2015,9/8/1961,65
Berny,Hutsby,United States,2/25/2023,443-276-9089,bhutsby1t@ocn.ne.jp,4689,3/19/2014,66
Alessandro,Spaice,United States,9/3/2023,251-537-6546,aspaice1u@bloglovin.com,7325,4/28/2007,67
Domenico,Pfaffel,Russia,7/28/2023,866-263-0493,dpfaffel1v@senate.gov,8866,10/1/1972,68
Kimmie,Schafer,South Africa,8/25/2023,137-672-9161,kschafer1w@linkedin.com,9016,1/2/1950,69
Rosemarie,Stanwix,Ukraine,4/19/2023,132-629-5265,rstanwix1x@utexas.edu,4414,7/24/1980,70
Benedick,Maskew,China,10/21/2023,261-212-0195,bmaskew1y@ihg.com,1154,8/20/1965,71
Charisse,Whatman,Philippines,7/23/2023,687-654-0792,cwhatman1z@delicious.com,2302,3/4/1981,72
Michaella,Stedall,Ukraine,10/13/2023,817-856-6733,mstedall20@rediff.com,671,6/10/1958,73
Mikol,Bentall,Canada,9/29/2023,948-823-6415,mbentall21@paginegialle.it,4279,9/29/1952,74
Bibby,Dory,Poland,10/9/2023,941-860-6125,bdory22@fastcompany.com,7622,10/17/1987,75
Martin,Cassely,Russia,7/21/2023,347-797-7385,mcassely23@fda.gov,8627,9/17/2008,76
Emery,Daice,Russia,2/9/2023,827-428-4822,edaice24@artisteer.com,893,5/15/2014,77
Silvia,Baudains,Indonesia,12/24/2022,661-570-8144,sbaudains25@ucla.edu,3314,4/10/2015,78
Skelly,Figura,Colombia,10/29/2023,917-979-9280,sfigura26@patch.com,6181,10/30/1973,79
Haskel,Cicchitello,Brazil,11/7/2023,415-519-8153,hcicchitello27@parallels.com,5006,8/1/1951,80
Justinian,Pasek,Ukraine,5/1/2023,751-771-5778,jpasek28@shareasale.com,2360,3/26/1974,81
Newton,Gelletly,Brazil,6/22/2023,973-778-8239,ngelletly29@macromedia.com,1398,10/20/1977,82
Raffaello,Panas,Finland,3/23/2023,280-380-2595,rpanas2a@g.co,7907,3/10/1972,83
Janette,Cameli,Paraguay,3/6/2023,872-390-9025,jcameli2b@house.gov,231,7/10/1974,84
Alta,Wofenden,Japan,7/4/2023,991-338-3610,awofenden2c@soup.io,5839,2/9/1979,85
Richard,Zecchetti,Armenia,8/24/2023,751-996-1291,rzecchetti2d@barnesandnoble.com,1228,1/27/1979,86
Hilary,Brechin,China,1/8/2023,535-121-5162,hbrechin2e@uol.com.br,6865,7/23/2008,87
Freda,Carwardine,Argentina,1/15/2023,574-515-2494,fcarwardine2f@china.com.cn,9343,6/19/1989,88
Kip,Drummond,Serbia,12/30/2022,356-592-3256,kdrummond2g@forbes.com,2461,6/7/1995,89
Adler,Ector,Philippines,12/6/2022,594-203-3052,aector2h@tinypic.com,2719,2/21/1951,90
Christoffer,Ilyas,France,10/2/2023,750-271-8122,cilyas2i@slideshare.net,3729,5/18/1960,91
Ermanno,Iskow,China,2/15/2023,315-149-0226,eiskow2j@squarespace.com,2495,2/17/1948,92
Vidovic,Chittock,China,2/24/2023,439-486-6273,vchittock2k@biblegateway.com,48,2/14/1995,93
Jeni,Joliffe,Thailand,5/26/2023,706-316-5112,jjoliffe2l@miibeian.gov.cn,5479,4/9/2023,94
Maribeth,Tungate,China,2/9/2023,275-738-1956,mtungate2m@umn.edu,7044,4/2/1991,95
Matilde,Swayte,Canada,10/22/2023,897-855-9069,mswayte2n@virginia.edu,507,3/31/2022,96
Anette,Vasilevich,Kazakhstan,12/3/2023,901-591-5624,avasilevich2o@washingtonpost.com,2561,5/3/2005,97
Minerva,Brenard,Ukraine,9/6/2023,661-203-5970,mbrenard2p@rakuten.co.jp,8085,12/31/2018,98
Carena,Soigoux,Northern Mariana Islands,10/12/2023,696-310-3712,csoigoux2q@seattletimes.com,4726,2/20/2011,99
Flory,Cowthart,United States,1/9/2023,850-450-2156,fcowthart2r@lycos.com,8737,11/9/1974,100
Alikee,Kester,Indonesia,4/17/2023,913-796-2782,akester2s@networkadvertising.org,330,12/11/1964,101
Aryn,Mindenhall,Indonesia,3/17/2023,114-625-6617,amindenhall2t@clickbank.net,6574,1/11/1991,102
Lora,Chantler,Portugal,6/7/2023,444-979-7472,lchantler2u@spiegel.de,2376,1/12/1975,103
Rice,Scotfurth,Bulgaria,5/12/2023,365-392-5890,rscotfurth2v@comsenz.com,5795,8/25/1994,104
Klarika,Roussell,Indonesia,12/11/2022,301-710-5532,kroussell2w@webnode.com,129,10/8/1997,105
Ruby,Ivankov,Uzbekistan,3/28/2023,453-683-8090,rivankov2x@who.int,5321,3/25/2009,106
Abelard,Schoenleiter,Indonesia,7/4/2023,962-612-2244,aschoenleiter2y@un.org,1228,4/29/1994,107
Shelton,Czadla,Brazil,7/13/2023,984-132-6966,sczadla2z@booking.com,6701,9/5/1979,108
Ruthann,Gosz,Belize,11/27/2023,345-385-0403,rgosz30@github.io,2593,5/19/1946,109
Tybi,Berkowitz,China,5/11/2023,738-838-3084,tberkowitz31@hc360.com,6747,9/13/1965,110
Odessa,Chislett,Portugal,9/18/2023,153-802-8285,ochislett32@mayoclinic.com,2179,5/25/2003,111
Talia,Carlett,Japan,10/24/2023,686-193-8404,tcarlett33@slideshare.net,3495,5/6/1967,112
Knox,Timmons,Canada,5/21/2023,109-716-2397,ktimmons34@usnews.com,8689,1/27/1979,113
Egbert,Gauvin,Sweden,11/4/2023,647-384-4564,egauvin35@infoseek.co.jp,5478,7/25/2016,114
Christoper,Dewane,El Salvador,6/16/2023,951-854-4876,cdewane36@xinhuanet.com,7188,1/31/2000,115
Andriana,Cona,China,4/5/2023,976-754-2458,acona37@google.pl,4147,6/24/1941,116
Odelia,Bletsoe,China,10/11/2023,913-746-3085,obletsoe38@amazonaws.com,910,4/17/1970,117
Wells,Dunlea,Thailand,10/16/2023,159-638-1444,wdunlea39@slashdot.org,6876,2/26/2023,118
Sharity,Goodfield,Germany,5/15/2023,286-681-8390,sgoodfield3a@meetup.com,7780,6/11/2012,119
Helen,Coke,Sweden,9/3/2023,436-261-9778,hcoke3b@mayoclinic.com,5049,4/20/1996,120
Danell,Hassekl,Peru,4/24/2023,521-738-5097,dhassekl3c@biblegateway.com,3193,11/9/1945,121
Allard,Berrygun,Portugal,5/15/2023,237-238-1305,aberrygun3d@vimeo.com,9714,3/13/1957,122
Hedvige,Clemo,Benin,9/14/2023,333-140-5178,hclemo3e@wordpress.com,365,5/5/1971,123
Putnam,Furmston,Russia,1/1/2023,188-383-6213,pfurmston3f@myspace.com,3736,11/22/2020,124
Gabriel,Axup,Ukraine,4/11/2023,722-371-1116,gaxup3g@yellowpages.com,6038,11/16/1997,125
Ferd,Pimerick,Kenya,7/1/2023,371-894-8438,fpimerick3h@jalbum.net,3990,5/6/1975,126
Raine,Sibbet,China,1/31/2023,436-937-3711,rsibbet3i@flickr.com,2362,8/23/2008,127
Theda,Whaites,Mexico,4/15/2023,186-949-1934,twhaites3j@theatlantic.com,9748,12/13/1944,128
Maisey,Le Surf,Russia,3/23/2023,107-469-1320,mlesurf3k@geocities.jp,1421,8/31/2014,129
Emili,Menghi,China,4/19/2023,341-686-2846,emenghi3l@ft.com,3036,1/6/1945,130
Jesselyn,Cawte,Sweden,1/12/2023,230-329-1668,jcawte3m@moonfruit.com,8185,3/3/2019,131
Celinda,Ditt,Brazil,12/5/2023,364-112-6212,cditt3n@gov.uk,7112,10/16/2012,132
Damiano,Graddon,Indonesia,5/23/2023,945-588-0640,dgraddon3o@ustream.tv,9191,11/25/2017,133
Lotty,Adne,China,11/22/2023,612-162-8247,ladne3p@drupal.org,1157,4/25/1945,134
Luce,Moresby,China,9/19/2023,765-805-7070,lmoresby3q@barnesandnoble.com,7786,6/14/1941,135
Basilio,Pickard,Canada,12/7/2022,767-373-4188,bpickard3r@arstechnica.com,8589,10/1/1943,136
Jacklin,Rides,Indonesia,7/31/2023,567-455-8628,jrides3s@delicious.com,1431,1/17/1969,137
Arlena,McWhannel,China,1/21/2023,146-989-7151,amcwhannel3t@geocities.jp,7809,4/4/1973,138
Nadine,Klee,United States,12/18/2022,502-447-1859,nklee3u@privacy.gov.au,6411,10/11/1998,139
Bethena,Chasmar,Jersey,10/29/2023,395-595-8801,bchasmar3v@techcrunch.com,2270,2/9/1944,140
Gwen,Strowger,Philippines,9/3/2023,757-785-9646,gstrowger3w@fda.gov,8551,8/30/1990,141
Gale,Gary,Georgia,4/26/2023,646-260-9332,ggary3x@spiegel.de,6799,6/8/1995,142
Leonardo,McPhail,Russia,6/17/2023,756-351-7630,lmcphail3y@illinois.edu,7462,1/3/1983,143
Caralie,Rowell,China,5/24/2023,815-209-6269,crowell3z@netscape.com,1118,8/8/1950,144
Loraine,Cranston,Portugal,3/21/2023,507-794-2824,lcranston40@un.org,1603,12/7/1969,145
Melli,Zoephel,Chad,9/23/2023,230-401-5805,mzoephel41@reverbnation.com,4128,12/12/1966,146
Evvy,Reboul,Vietnam,6/17/2023,524-736-6598,ereboul42@sina.com.cn,5069,6/30/1959,147
Myrwyn,Ivashev,Indonesia,1/7/2023,832-868-9905,mivashev43@usnews.com,6354,10/7/1989,148
Morris,Sambles,Indonesia,7/6/2023,890-299-8427,msambles44@cyberchimps.com,6929,10/15/1973,149
Mollie,Cecil,Angola,5/13/2023,448-383-7929,mcecil45@ted.com,4593,4/22/1985,150
Axe,Stienham,South Africa,6/12/2023,614-148-5532,astienham46@typepad.com,263,5/9/1993,151
Brendis,Espadater,Senegal,12/23/2022,880-541-8664,bespadater47@census.gov,3546,10/21/2005,152
Engelbert,Doodson,Italy,11/28/2023,690-723-2391,edoodson48@latimes.com,6553,9/1/1990,153
Dyna,Moring,Brazil,11/20/2023,245-859-9438,dmoring49@parallels.com,6348,3/8/2001,154
Phillis,Braidman,China,12/9/2022,980-861-6939,pbraidman4a@list-manage.com,539,8/8/2022,155
Lazare,Pulsford,Indonesia,4/25/2023,405-222-0337,lpulsford4b@prlog.org,5952,2/14/1951,156
Lee,Petranek,Dominican Republic,12/22/2022,331-501-1535,lpetranek4c@thetimes.co.uk,3783,9/24/1991,157
Cinnamon,Vogeler,Northern Mariana Islands,11/6/2023,622-347-1723,cvogeler4d@macromedia.com,9015,7/11/2009,158
John,Dugald,Portugal,9/23/2023,277-904-1629,jdugald4e@businesswire.com,243,3/10/1971,159
Ruperto,Eberle,Jordan,2/12/2023,321-300-3052,reberle4f@storify.com,4289,8/2/2001,160
Cicily,Kaman,Greece,9/23/2023,485-315-2513,ckaman4g@mozilla.com,9066,4/6/2001,161
Nicolai,Crystal,China,5/8/2023,880-993-1741,ncrystal4h@example.com,8704,2/15/1964,162
Diannne,Kuhle,Moldova,7/22/2023,556-222-1094,dkuhle4i@phoca.cz,6805,6/16/2009,163
Stephannie,Brenneke,Portugal,10/27/2023,201-281-9142,sbrenneke4j@independent.co.uk,6344,4/24/1948,164
Emmi,Treweela,Philippines,7/15/2023,243-710-3417,etreweela4k@devhub.com,1556,10/23/1989,165
Loralie,Schubbert,China,12/22/2022,131-676-6975,lschubbert4l@etsy.com,7639,6/12/1986,166
Web,McAirt,Argentina,7/9/2023,756-198-4909,wmcairt4m@goo.gl,6517,3/4/2003,167
Nathanial,Olifaunt,Iraq,12/12/2022,739-500-0473,nolifaunt4n@cmu.edu,1848,12/12/1945,168
Fidela,Rodell,China,8/2/2023,330-805-2072,frodell4o@ustream.tv,6689,10/20/2018,169
Ferrel,Dellow,Portugal,6/22/2023,664-869-9859,fdellow4p@last.fm,6324,7/18/1970,170
Georgi,Piggens,Colombia,2/28/2023,433-499-9004,gpiggens4q@google.co.jp,4019,11/8/1977,171
Tann,Murt,France,11/21/2023,378-925-9844,tmurt4r@unc.edu,2418,8/14/1970,172
Merola,Voisey,Poland,1/15/2023,157-544-1539,mvoisey4s@latimes.com,8724,1/19/1957,173
Ikey,Craker,Pakistan,6/23/2023,551-374-7377,icraker4t@google.fr,872,6/22/1954,174
Zonda,Rosenboim,China,8/16/2023,209-102-5715,zrosenboim4u@si.edu,4768,5/24/1964,175
Briano,Glandfield,Democratic Republic of the Congo,3/21/2023,861-449-1012,bglandfield4v@bloglovin.com,3106,9/10/1990,176
Emmit,Corradi,Indonesia,6/5/2023,191-883-9749,ecorradi4w@boston.com,47,1/19/1951,177
Doreen,Zanussii,Italy,10/27/2023,828-922-3597,dzanussii4x@psu.edu,7950,2/27/2004,178
Xever,Lamborn,Ivory Coast,1/17/2023,725-433-3881,xlamborn4y@issuu.com,1335,3/29/2011,179
Allsun,Crosetto,Sweden,6/1/2023,300-553-6084,acrosetto4z@hubpages.com,7692,2/27/2006,180
Isaiah,Benasik,Indonesia,8/21/2023,823-539-4433,ibenasik50@wikispaces.com,8272,3/31/2016,181
Reena,Petrello,United States,4/24/2023,215-500-2136,rpetrello51@alexa.com,2841,4/21/2022,182
Lorant,Johl,Cuba,8/24/2023,998-266-8779,ljohl52@about.com,4906,4/30/1969,183
Courtnay,Yakobovitz,Indonesia,10/17/2023,748-116-0976,cyakobovitz53@usatoday.com,5928,6/2/1954,184
Leona,Barkaway,Uganda,9/9/2023,116-121-8718,lbarkaway54@storify.com,5050,10/28/1949,185
Sandro,Warburton,Canada,1/31/2023,452-527-1758,swarburton55@cdbaby.com,2810,4/21/1951,186
Arnie,Whillock,Portugal,7/21/2023,987-288-3390,awhillock56@geocities.jp,677,10/10/2007,187
Annnora,Stitch,United States,2/13/2023,901-737-7855,astitch57@apple.com,7980,9/22/1974,188
Glori,Giacovetti,China,12/7/2023,999-762-4033,ggiacovetti58@constantcontact.com,1645,3/19/1957,189
Quintin,Dalliston,Portugal,5/11/2023,432-379-3101,qdalliston59@paypal.com,8260,7/8/2016,190
Janith,Clery,Canada,5/11/2023,926-293-7663,jclery5a@nationalgeographic.com,3726,3/26/1942,191
Rebeca,Herculson,Indonesia,9/13/2023,664-994-0197,rherculson5b@over-blog.com,3957,6/17/1987,192
Mersey,Kunzel,Poland,6/8/2023,128-768-3375,mkunzel5c@uiuc.edu,3835,4/17/1987,193
Rodolph,Plose,Honduras,11/18/2023,603-902-6446,rplose5d@gov.uk,2333,7/27/1955,194
Eddy,Bompass,China,11/27/2023,627-566-2022,ebompass5e@ehow.com,4523,1/13/1997,195
Denni,Fogarty,Brazil,2/10/2023,824-142-6672,dfogarty5f@4shared.com,3301,7/23/2010,196
Hugh,Semorad,China,12/3/2023,402-761-6572,hsemorad5g@about.com,1586,7/29/1953,197
Andros,Matcham,Canada,1/4/2023,901-800-2391,amatcham5h@jugem.jp,1730,6/24/2013,198
Sandi,Quartley,Indonesia,10/4/2023,829-630-1004,squartley5i@umn.edu,8180,12/8/1951,199
Elisha,Broz,Brazil,8/27/2023,567-112-9429,ebroz5j@japanpost.jp,5320,12/21/1968,200
Reid,Glendza,Thailand,2/10/2023,766-321-3944,rglendza5k@ustream.tv,7513,9/21/2023,201
Sue,McEvoy,Greece,3/12/2023,406-245-1380,smcevoy5l@zimbio.com,5245,1/19/2022,202
Roby,Farady,United States,12/19/2022,828-263-4569,rfarady5m@accuweather.com,5812,7/17/1972,203
Odo,Keggin,Portugal,7/19/2023,728-329-2109,okeggin5n@netscape.com,8067,2/4/2015,204
Emmy,Nowakowski,Vietnam,4/16/2023,526-822-0266,enowakowski5o@java.com,8347,2/3/2008,205
Bern,Regus,Indonesia,2/2/2023,554-673-7991,bregus5p@senate.gov,515,7/30/1990,206
Charmaine,Sanday,Philippines,7/31/2023,561-993-1622,csanday5q@amazon.de,4602,9/2/1967,207
Amalie,Champney,Ireland,7/23/2023,995-679-2112,achampney5r@cdc.gov,3682,6/10/2015,208
Maddy,Aizikov,Sri Lanka,8/29/2023,464-586-7091,maizikov5s@1688.com,9968,1/28/2012,209
Harriette,Vigors,Nigeria,3/14/2023,187-595-3837,hvigors5t@tumblr.com,8179,9/30/1976,210
Frank,Cripin,Peru,7/20/2023,937-810-5862,fcripin5u@tamu.edu,9204,2/11/1949,211
Kora,Tilburn,Indonesia,5/24/2023,736-663-4897,ktilburn5v@mozilla.org,1340,11/23/1955,212
Cameron,Bostick,South Korea,11/21/2023,763-865-9824,cbostick5w@nasa.gov,2423,9/24/1943,213
Torrance,Eva,Azerbaijan,1/30/2023,268-436-6498,teva5x@yolasite.com,946,9/21/1967,214
Alejandra,Conrad,Colombia,2/10/2023,429-821-3259,aconrad5y@cnbc.com,9618,5/31/2017,215
Carlye,Watson,France,5/3/2023,431-279-7478,cwatson5z@upenn.edu,2843,11/14/1959,216
Stefanie,Caughan,China,7/7/2023,462-385-9462,scaughan60@chron.com,1270,1/14/2007,217
Frederica,Whitehall,Sweden,1/9/2023,840-578-0498,fwhitehall61@mtv.com,4019,4/4/1988,218
Bonnibelle,Jowers,Chile,8/9/2023,752-433-6813,bjowers62@chronoengine.com,3808,12/21/1999,219
Klarrisa,Jaquin,Kazakhstan,4/11/2023,184-621-7908,kjaquin63@boston.com,1819,4/16/1941,220
Jed,Yorath,China,12/9/2022,119-787-6912,jyorath64@dot.gov,3235,11/6/1970,221
Ferguson,Webley,United States,8/16/2023,917-747-8699,fwebley65@1688.com,5510,7/27/2007,222
Herb,Yakovlev,Brazil,5/25/2023,579-677-5267,hyakovlev66@thetimes.co.uk,9489,9/12/1997,223
Micheline,Duplock,Philippines,7/24/2023,700-928-8679,mduplock67@buzzfeed.com,8622,4/3/1966,224
Corbie,Werrilow,Philippines,6/26/2023,974-518-9821,cwerrilow68@ocn.ne.jp,8018,5/27/1964,225
Ora,Hurd,France,2/5/2023,983-642-4921,ohurd69@feedburner.com,3588,12/8/2010,226
Aeriela,Cassely,France,4/17/2023,494-391-6378,acassely6a@addthis.com,6690,8/26/1987,227
Lorrin,Begbie,Senegal,11/12/2023,819-777-9524,lbegbie6b@imgur.com,7375,8/17/2003,228
Sibylla,Midgely,Chile,1/11/2023,522-821-7936,smidgely6c@statcounter.com,2460,9/26/1979,229
Terencio,Shimony,Poland,7/27/2023,755-885-8735,tshimony6d@jiathis.com,9206,1/26/1975,230
Ase,De Courtney,Indonesia,12/22/2022,748-313-7427,adecourtney6e@sun.com,8830,7/4/1949,231
Alexandr,Popley,Poland,11/26/2023,200-802-5672,apopley6f@noaa.gov,253,3/16/1974,232
Jania,Senior,Poland,1/15/2023,652-429-6321,jsenior6g@amazon.co.uk,2139,7/14/1999,233
Gibby,Doale,Greece,2/16/2023,489-347-3591,gdoale6h@yandex.ru,9169,6/11/1985,234
Warde,Hardison,China,11/14/2023,862-301-1365,whardison6i@51.la,8585,9/9/1962,235
Rafaela,Ellins,Indonesia,3/23/2023,402-245-2659,rellins6j@dion.ne.jp,9654,12/3/1965,236
Rheta,Grebner,United States,2/1/2023,707-348-6876,rgrebner6k@nbcnews.com,7523,12/2/1970,237
Missy,McMorran,Sweden,2/19/2023,995-563-3848,mmcmorran6l@wunderground.com,3787,5/22/2009,238
Ellen,Barrim,China,11/22/2023,376-918-2040,ebarrim6m@sciencedaily.com,6779,12/14/1984,239
Prinz,Okenfold,Haiti,12/31/2022,682-872-3712,pokenfold6n@dedecms.com,3992,10/21/2001,240
Kriste,Longstaffe,China,7/6/2023,553-844-2062,klongstaffe6o@imageshack.us,9303,11/4/2009,241
Evvy,Hugett,Indonesia,5/10/2023,421-571-9812,ehugett6p@topsy.com,2447,9/16/1998,242
Haley,Geldeford,Malta,9/17/2023,628-315-0292,hgeldeford6q@wikispaces.com,4922,2/25/1982,243
Mitzi,Zanardii,China,4/8/2023,458-980-2776,mzanardii6r@pen.io,3064,8/8/2003,244
Kaila,Aizik,Pakistan,6/7/2023,610-661-5110,kaizik6s@google.pl,5089,11/10/1957,245
Boycie,Stobbe,Philippines,11/10/2023,825-334-9204,bstobbe6t@weebly.com,6978,2/7/1967,246
Gates,Parminter,Sweden,1/26/2023,809-952-6872,gparminter6u@umich.edu,8279,3/2/2012,247
Harlen,Axell,Ukraine,3/21/2023,383-429-0690,haxell6v@furl.net,3619,5/12/1985,248
Keefer,Mattielli,Greece,8/25/2023,709-737-5912,kmattielli6w@devhub.com,7137,4/30/1957,249
Danielle,Dryden,Russia,5/14/2023,559-776-8841,ddryden6x@rediff.com,9917,2/1/1991,250
Corbet,Di Francecshi,Croatia,9/9/2023,665-172-9691,cdifrancecshi6y@disqus.com,7714,12/1/2020,251
Leontine,Graal,Cuba,1/21/2023,131-383-5936,lgraal6z@dion.ne.jp,1881,5/22/1971,252
Jeno,Vales,Haiti,12/6/2023,515-104-6458,jvales70@ca.gov,3920,5/11/1979,253
Clarisse,Grent,Russia,5/9/2023,410-547-5351,cgrent71@google.com.hk,3966,5/3/2017,254
Hanan,Harry,Brazil,11/2/2023,303-671-4405,hharry72@huffingtonpost.com,7969,1/27/1947,255
Beatrisa,Cunniffe,Palestinian Territory,8/12/2023,109-980-4102,bcunniffe73@wisc.edu,2178,7/7/2010,256
Ciro,McMurty,China,11/5/2023,971-272-3749,cmcmurty74@wikipedia.org,1106,12/2/1978,257
Aldridge,Govinlock,Germany,3/1/2023,918-290-3763,agovinlock75@nbcnews.com,1527,10/13/2016,258
Gaspard,Giacobini,Iran,12/9/2022,792-786-5556,ggiacobini76@multiply.com,9510,3/25/1967,259
Claude,Girardy,France,7/17/2023,635-373-3410,cgirardy77@tinypic.com,284,10/20/1971,260
Clemmie,Ashington,Malaysia,6/2/2023,147-795-5351,cashington78@nature.com,246,3/12/1976,261
Hardy,Richings,Poland,11/28/2023,620-332-9348,hrichings79@gravatar.com,7594,2/11/1956,262
Carolee,Vashchenko,Thailand,11/10/2023,645-877-8787,cvashchenko7a@people.com.cn,6830,1/19/1943,263
Merl,Brittan,Mongolia,5/18/2023,155-997-7809,mbrittan7b@eventbrite.com,9300,3/28/1996,264
Truman,Colenutt,France,9/16/2023,602-924-1532,tcolenutt7c@scribd.com,9189,2/21/1982,265
Verena,McParland,Brazil,10/14/2023,477-233-5808,vmcparland7d@washington.edu,5357,9/5/2014,266
Duff,Banfield,Mexico,5/26/2023,113-285-7096,dbanfield7e@wufoo.com,2641,3/14/1983,267
Tarra,Iskowitz,China,8/25/2023,745-335-6827,tiskowitz7f@nationalgeographic.com,3913,4/5/2009,268
Elaina,Varne,Ukraine,2/9/2023,520-383-2434,evarne7g@jiathis.com,3642,10/25/1964,269
Jerrylee,McFetrich,Indonesia,4/3/2023,619-272-4163,jmcfetrich7h@princeton.edu,624,10/23/1951,270
Ginevra,Wortley,Indonesia,4/25/2023,484-504-2277,gwortley7i@vk.com,2221,9/7/1955,271
Frank,Manifold,China,8/9/2023,433-651-8594,fmanifold7j@wix.com,6305,3/24/1991,272
Yettie,Gorelli,Tanzania,6/4/2023,626-485-0218,ygorelli7k@e-recht24.de,9920,4/12/2001,273
Gabe,Eckford,Peru,8/21/2023,925-910-1372,geckford7l@usa.gov,321,12/24/2015,274
Darwin,Martino,Palestinian Territory,9/9/2023,760-442-6360,dmartino7m@seattletimes.com,6363,12/25/1976,275
Ailey,Gaine,Tunisia,6/10/2023,725-387-0367,againe7n@telegraph.co.uk,1159,8/21/2003,276
Ganny,Loughlin,Indonesia,6/28/2023,215-640-6293,gloughlin7o@ezinearticles.com,1782,4/4/1995,277
Graham,Cauley,Poland,9/16/2023,240-637-7170,gcauley7p@chicagotribune.com,8339,12/16/1951,278
Carie,Cleef,Georgia,10/5/2023,676-937-9025,ccleef7q@usa.gov,4846,7/11/1998,279
Cheslie,Lebbern,Peru,2/10/2023,280-106-5716,clebbern7r@printfriendly.com,6963,3/29/1985,280
Julienne,McIvor,China,12/14/2022,690-703-4696,jmcivor7s@bloomberg.com,6834,1/16/2021,281
Patti,Goodrick,Indonesia,12/28/2022,209-858-7598,pgoodrick7t@dell.com,6293,2/13/2007,282
Letitia,McClarence,Japan,3/11/2023,589-474-2867,lmcclarence7u@cdbaby.com,6689,1/11/2007,283
Meredithe,Mellon,Russia,6/30/2023,451-658-3581,mmellon7v@yahoo.com,8211,2/1/1997,284
Clerc,Morling,Tajikistan,1/4/2023,855-659-0877,cmorling7w@boston.com,5906,3/24/1950,285
Effie,Denyagin,Ukraine,10/29/2023,678-434-1882,edenyagin7x@google.es,4801,5/6/1949,286
Marshall,Madsen,Azerbaijan,1/12/2023,211-268-6987,mmadsen7y@eventbrite.com,3899,3/5/1950,287
Bo,MacBey,Malaysia,3/21/2023,562-356-1779,bmacbey7z@usnews.com,3526,7/11/1994,288
Roderic,Annies,Brazil,10/23/2023,514-468-8843,rannies80@shutterfly.com,7927,6/9/1967,289
Lianne,Baise,Philippines,11/25/2023,742-783-5024,lbaise81@example.com,8670,6/6/1983,290
Tabb,Malloy,Brazil,3/14/2023,980-883-6362,tmalloy82@mac.com,3336,3/14/1989,291
Prinz,Grassett,Indonesia,12/18/2022,759-534-3668,pgrassett83@clickbank.net,9038,1/2/1941,292
Corette,Reinert,Philippines,11/29/2023,404-461-8242,creinert84@nasa.gov,8870,3/28/1962,293
Vernon,Rourke,Philippines,5/12/2023,193-556-4654,vrourke85@samsung.com,2780,5/4/2015,294
Heidie,Mursell,Russia,12/11/2022,453-616-2637,hmursell86@technorati.com,2534,8/6/2022,295
Demetrius,Skirrow,China,5/5/2023,150-639-6569,dskirrow87@arstechnica.com,8284,7/25/1986,296
Trudy,Mc Comb,Greece,8/5/2023,290-411-0821,tmccomb88@xing.com,1962,9/24/2011,297
Rick,Shafier,Colombia,11/8/2023,179-540-8698,rshafier89@miitbeian.gov.cn,2486,10/12/1973,298
Dal,Huller,Sweden,10/23/2023,930-180-5000,dhuller8a@theglobeandmail.com,1010,5/5/1943,299
Brade,Lainge,Comoros,9/23/2023,216-709-7562,blainge8b@hp.com,907,2/8/1969,300
Amandy,Basini-Gazzi,China,12/24/2022,738-361-8203,abasinigazzi8c@edublogs.org,8197,9/18/2010,301
Candi,Gersam,China,4/8/2023,329-982-0303,cgersam8d@cargocollective.com,7846,6/21/1942,302
Brock,Lampl,Montenegro,3/13/2023,309-282-6315,blampl8e@japanpost.jp,2967,9/6/1961,303
Georgeanna,Hodjetts,Philippines,12/19/2022,580-921-5185,ghodjetts8f@artisteer.com,6126,9/16/1968,304
Clary,Wenzel,Czech Republic,2/20/2023,260-121-0882,cwenzel8g@parallels.com,9829,7/24/1946,305
Marcie,Wholesworth,United States,2/11/2023,404-499-5619,mwholesworth8h@china.com.cn,251,10/19/1978,306
Arlin,Josupeit,Japan,1/5/2023,908-871-6088,ajosupeit8i@vinaora.com,9965,12/26/1956,307
Bren,Newling,Indonesia,8/22/2023,876-724-1794,bnewling8j@fda.gov,6411,12/19/1948,308
Sheffield,Broome,Bosnia and Herzegovina,2/9/2023,877-323-9489,sbroome8k@friendfeed.com,936,6/1/2009,309
Alix,Grubey,China,11/18/2023,628-802-5905,agrubey8l@histats.com,4571,8/19/1986,310
Melva,Cassells,Brazil,4/1/2023,700-916-8861,mcassells8m@cdc.gov,851,5/4/1971,311
Georgette,Speake,Japan,10/6/2023,647-296-7957,gspeake8n@huffingtonpost.com,6822,7/25/1946,312
Gearalt,Aleksankin,Indonesia,9/9/2023,509-956-2145,galeksankin8o@walmart.com,6834,3/2/2007,313
Adriaens,Blakes,Brazil,9/7/2023,446-452-5053,ablakes8p@ca.gov,9925,8/5/1992,314
Buddy,Lovelace,Indonesia,11/11/2023,268-127-8664,blovelace8q@berkeley.edu,5347,7/30/2009,315
Ashli,Bevis,Ireland,9/13/2023,504-781-7241,abevis8r@rakuten.co.jp,7450,8/12/1991,316
Ophelia,McFaell,China,3/28/2023,682-355-4295,omcfaell8s@bandcamp.com,2072,9/10/2007,317
Ellswerth,Johns,Jamaica,10/30/2023,832-134-4457,ejohns8t@howstuffworks.com,207,1/29/2003,318
Conant,Waldie,United States,9/24/2023,615-690-7463,cwaldie8u@bandcamp.com,4492,6/16/1944,319
Thorsten,Kertess,China,11/6/2023,365-292-2336,tkertess8v@networksolutions.com,3681,7/10/1966,320
Linn,Sargerson,Russia,9/28/2023,968-206-7263,lsargerson8w@tripod.com,5307,11/28/2009,321
Pippa,Scrymgeour,Democratic Republic of the Congo,7/2/2023,120-264-4181,pscrymgeour8x@technorati.com,143,5/2/2023,322
Cami,Downie,Brazil,12/6/2022,373-267-3346,cdownie8y@rakuten.co.jp,1458,1/2/1972,323
Antonia,Petrushka,Mongolia,3/27/2023,560-754-4880,apetrushka8z@oracle.com,1431,11/4/1996,324
Barrie,Imms,Portugal,4/9/2023,628-757-7274,bimms90@furl.net,3532,5/11/1971,325
Joey,Fronsek,Ukraine,5/10/2023,598-797-1036,jfronsek91@reference.com,1811,2/28/1962,326
Benedikt,Greves,Poland,4/22/2023,381-337-5411,bgreves92@wufoo.com,9109,6/18/1998,327
Kipp,Alenshev,Indonesia,4/5/2023,191-768-7253,kalenshev93@google.ca,3078,6/1/1975,328
Alyss,Ping,China,1/9/2023,467-624-2064,aping94@amazon.co.jp,7639,4/23/1967,329
Beckie,Jerzykiewicz,China,9/6/2023,383-174-6627,bjerzykiewicz95@slashdot.org,4455,11/13/1997,330
Rosemaria,Elen,China,6/16/2023,714-129-9009,relen96@baidu.com,5180,1/17/1953,331
Gusty,Corbie,Honduras,3/15/2023,116-372-2101,gcorbie97@lycos.com,4128,12/16/1987,332
Del,McGaugie,China,5/12/2023,985-283-1535,dmcgaugie98@phpbb.com,9437,4/16/1967,333
Hana,Filippozzi,China,9/19/2023,449-987-3964,hfilippozzi99@sbwire.com,1597,1/10/1961,334
Humberto,Gunney,Czech Republic,3/12/2023,928-688-5916,hgunney9a@ibm.com,4426,2/16/1948,335
Ulysses,Inglish,Japan,5/25/2023,702-324-1987,uinglish9b@imageshack.us,2595,6/5/1947,336
Antonina,MacFarland,Palestinian Territory,9/28/2023,627-189-0722,amacfarland9c@nationalgeographic.com,2571,2/27/1998,337
Heloise,Muddicliffe,China,6/17/2023,469-302-0221,hmuddicliffe9d@phpbb.com,7027,6/2/2005,338
Brana,Purdy,Tajikistan,9/17/2023,332-382-0682,bpurdy9e@sciencedaily.com,6818,3/23/2023,339
Shurlock,Brampton,China,2/21/2023,781-628-7893,sbrampton9f@merriam-webster.com,4903,5/20/1953,340
Arlana,Kirman,China,2/23/2023,934-778-0098,akirman9g@nps.gov,4695,3/24/1960,341
Inna,Ingilson,Mexico,4/8/2023,932-233-0674,iingilson9h@hugedomains.com,7247,3/29/1965,342
Blake,Eastman,Poland,11/2/2023,872-910-2627,beastman9i@diigo.com,9042,4/12/1991,343
Ashil,Leber,Sweden,4/23/2023,430-859-1804,aleber9j@hugedomains.com,8832,9/25/2007,344
Oneida,Caswell,Croatia,11/16/2023,428-474-2996,ocaswell9k@squidoo.com,1087,1/13/1954,345
Georas,Waplinton,Indonesia,6/8/2023,933-677-5950,gwaplinton9l@alibaba.com,130,1/5/1964,346
Bartholomeo,Dasent,Philippines,11/26/2023,726-519-3721,bdasent9m@youku.com,3231,7/8/1994,347
Weidar,Piechnik,United States,11/13/2023,410-906-8222,wpiechnik9n@vimeo.com,588,9/1/1969,348
Giulia,Nitti,Indonesia,10/23/2023,854-473-7610,gnitti9o@chron.com,2393,11/10/2003,349
Hewet,Ternott,Indonesia,8/31/2023,939-980-6291,hternott9p@omniture.com,3872,12/24/1998,350
Nona,Feander,Indonesia,9/11/2023,216-457-3105,nfeander9q@ebay.com,564,2/3/2008,351
Zulema,Baudain,Ukraine,7/21/2023,365-496-1231,zbaudain9r@skype.com,8270,1/21/1982,352
Corry,Verlander,China,10/28/2023,670-834-2575,cverlander9s@java.com,6806,10/10/1962,353
Roselin,Bursnoll,United Kingdom,10/31/2023,660-579-9784,rbursnoll9t@qq.com,8679,11/21/2018,354
Kalvin,McKinty,Russia,5/19/2023,738-334-7167,kmckinty9u@webs.com,5495,6/28/1971,355
Morgan,Raggatt,China,12/17/2022,610-365-4969,mraggatt9v@yahoo.com,419,12/18/1986,356
Coralie,Cheal,Indonesia,3/25/2023,438-851-6271,ccheal9w@behance.net,6148,9/28/1971,357
Stefan,Grummitt,Thailand,3/29/2023,580-114-5648,sgrummitt9x@bloglovin.com,5079,1/13/1949,358
Lara,Swanwick,Indonesia,10/13/2023,382-994-7594,lswanwick9y@msu.edu,5013,8/7/1976,359
Ninnetta,Pidgley,Burkina Faso,4/4/2023,115-833-1250,npidgley9z@webeden.co.uk,9114,4/30/1961,360
Daniella,Lumb,Brazil,8/19/2023,265-762-9906,dlumba0@ucla.edu,1429,4/21/2020,361
Odille,Savins,China,8/10/2023,379-578-8923,osavinsa1@bloomberg.com,745,12/22/1956,362
Ruperta,Duffyn,South Korea,9/29/2023,885-415-8448,rduffyna2@sbwire.com,6149,11/6/1984,363
Broddy,Jillis,Slovenia,10/15/2023,722-419-4997,bjillisa3@usgs.gov,3276,1/15/1972,364
Sheppard,Obey,Thailand,9/22/2023,131-614-9791,sobeya4@shutterfly.com,1427,4/17/1957,365
Stacee,Bambrugh,China,2/2/2023,235-791-1770,sbambrugha5@cnn.com,9699,4/18/1982,366
Lynda,Hovel,Indonesia,9/29/2023,825-125-9556,lhovela6@foxnews.com,4178,9/11/1995,367
Manuel,Farney,Canada,10/26/2023,239-408-9776,mfarneya7@buzzfeed.com,6522,1/12/1965,368
Lil,Crichmere,China,2/12/2023,846-873-6232,lcrichmerea8@biblegateway.com,1662,8/26/1990,369
Guido,Linggard,Indonesia,12/24/2022,822-390-6647,glinggarda9@marriott.com,5263,11/10/1991,370
Rosamond,Impson,China,3/27/2023,554-820-3047,rimpsonaa@umn.edu,4355,6/5/2016,371
Angelle,Hurrion,China,5/11/2023,930-152-8399,ahurrionab@is.gd,7398,5/5/1989,372
Davita,De Bell,Czech Republic,9/22/2023,452-335-1137,ddebellac@jiathis.com,4062,11/19/2019,373
Maurine,Caldwall,France,2/13/2023,877-391-9607,mcaldwallad@instagram.com,4483,2/11/1993,374
Zena,Andrez,Sweden,9/21/2023,855-355-3635,zandrezae@huffingtonpost.com,7244,10/17/1990,375
Jean,Chandlar,Japan,9/8/2023,410-633-6389,jchandlaraf@japanpost.jp,7813,3/24/2000,376
Lydia,Osman,Colombia,3/27/2023,168-542-8490,losmanag@psu.edu,5974,11/19/2000,377
Florella,Courtin,Jamaica,3/16/2023,245-672-7726,fcourtinah@spotify.com,1792,2/4/1993,378
Ameline,Wheeldon,Portugal,12/12/2022,835-297-5197,awheeldonai@un.org,5260,7/15/1975,379
Rozele,Ortet,Russia,1/24/2023,578-730-9460,rortetaj@cnbc.com,9883,11/28/2012,380
Gherardo,Radsdale,Spain,12/18/2022,373-249-1551,gradsdaleak@simplemachines.org,2025,6/6/1951,381
Wally,Aizik,Argentina,8/2/2023,790-859-8108,waizikal@edublogs.org,9616,2/9/1996,382
Quint,Liveley,China,10/21/2023,765-473-2292,qliveleyam@tuttocitta.it,2858,8/2/1948,383
Harwilll,Tarte,Myanmar,10/9/2023,507-350-1892,htartean@alibaba.com,8577,3/20/1989,384
Hussein,Pea,China,3/19/2023,154-946-9838,hpeaao@pcworld.com,3782,8/29/1994,385
Lyn,Bagot,Kazakhstan,11/21/2023,641-104-1502,lbagotap@mlb.com,3530,6/11/1960,386
Nannie,Meletti,Russia,5/8/2023,712-918-5990,nmelettiaq@g.co,6180,11/19/1942,387
Giorgia,Levinge,Indonesia,5/12/2023,349-770-9379,glevingear@unicef.org,7282,3/22/1971,388
Avis,Bonafacino,Colombia,4/3/2023,657-567-8968,abonafacinoas@jugem.jp,9830,8/9/1974,389
Ethyl,MacElholm,China,10/1/2023,517-357-2041,emacelholmat@devhub.com,3407,3/2/1962,390
Pat,Oldfield-Cherry,Bulgaria,8/9/2023,897-164-4951,poldfieldcherryau@pcworld.com,4746,8/13/2002,391
Myrvyn,Rohan,Indonesia,6/1/2023,449-294-7953,mrohanav@hatena.ne.jp,6419,9/17/1952,392
Bridget,Antognetti,Finland,2/5/2023,235-253-8755,bantognettiaw@blinklist.com,9709,1/4/2001,393
Fredericka,Cammacke,Venezuela,7/7/2023,693-239-0526,fcammackeax@ca.gov,5526,3/23/1966,394
Paddie,Letherbury,United States,4/14/2023,210-104-7324,pletherburyay@zimbio.com,7895,10/2/2021,395
Nomi,Kendred,Serbia,8/18/2023,222-462-4307,nkendredaz@51.la,6255,9/29/1967,396
Nicolai,Stickels,Netherlands,9/16/2023,598-778-5979,nstickelsb0@guardian.co.uk,514,11/22/1993,397
Bertine,Cranton,Paraguay,6/8/2023,545-714-7236,bcrantonb1@google.co.jp,8912,7/12/2014,398
Nessie,Cockerham,Myanmar,7/21/2023,406-282-6103,ncockerhamb2@icio.us,5815,11/12/1985,399
Vonny,McGarry,Sweden,12/10/2022,169-247-1468,vmcgarryb3@google.nl,1503,9/6/1999,400
Joann,Rist,Bangladesh,3/21/2023,559-168-6049,jristb4@vkontakte.ru,5412,4/22/1963,401
Blinni,Turford,China,11/29/2023,280-542-2688,bturfordb5@dion.ne.jp,15,12/24/1991,402
Shalna,Bach,Belarus,10/3/2023,182-644-7383,sbachb6@senate.gov,8106,6/5/1972,403
Marty,Goburn,Norway,3/22/2023,368-941-6567,mgoburnb7@hud.gov,2586,12/3/1975,404
Kristofer,Beauly,Philippines,12/27/2022,791-547-4802,kbeaulyb8@mac.com,9339,12/6/1995,405
Rosco,Glennon,Azerbaijan,12/15/2022,464-501-5398,rglennonb9@shareasale.com,3247,3/2/1980,406
Skipper,Caudwell,Sweden,10/13/2023,207-302-6417,scaudwellba@walmart.com,5379,7/24/1974,407
Fidelia,Elstow,United States,6/13/2023,704-603-7021,felstowbb@imdb.com,515,6/26/1949,408
Casey,Ricciardello,China,2/12/2023,739-966-2323,cricciardellobc@zdnet.com,3037,10/11/1996,409
Josefina,Goldthorpe,Indonesia,6/28/2023,691-562-6089,jgoldthorpebd@gnu.org,9235,8/24/1985,410
Marcos,Gimblet,Japan,3/20/2023,670-907-3186,mgimbletbe@people.com.cn,4101,9/6/1963,411
Shelly,Grieves,Norway,1/26/2023,710-769-9160,sgrievesbf@netscape.com,6593,4/17/2022,412
Zarla,Oak,Guatemala,5/25/2023,446-340-0472,zoakbg@yellowpages.com,3706,7/28/1945,413
Concettina,Atger,Libya,9/19/2023,966-280-3047,catgerbh@4shared.com,1417,9/28/2001,414
Nolana,Emlen,Albania,10/22/2023,649-940-7495,nemlenbi@nifty.com,9368,2/3/1997,415
Ilsa,Lavelle,Morocco,7/15/2023,611-658-3918,ilavellebj@devhub.com,4697,1/18/1967,416
Fulton,Chesnay,Malaysia,10/27/2023,416-928-8067,fchesnaybk@ning.com,7749,2/11/1991,417
Vince,Bohlsen,Egypt,3/26/2023,497-536-4362,vbohlsenbl@dagondesign.com,2443,3/6/1957,418
Danell,Woolstenholmes,China,3/1/2023,261-221-1149,dwoolstenholmesbm@redcross.org,4176,2/22/1970,419
Staffard,Ayars,Argentina,10/3/2023,583-705-1973,sayarsbn@gravatar.com,7992,7/2/1971,420
Winne,Divisek,Sierra Leone,3/22/2023,645-754-7670,wdivisekbo@moonfruit.com,4406,5/25/2021,421
Rora,McGroarty,China,1/29/2023,860-298-5513,rmcgroartybp@amazon.co.uk,1804,3/16/1946,422
Jerry,Pautot,Armenia,2/11/2023,992-636-6360,jpautotbq@youtu.be,3648,4/6/1950,423
Ingeborg,Passion,Czech Republic,10/22/2023,814-108-1420,ipassionbr@redcross.org,2963,3/3/2017,424
Milly,Lucy,Nigeria,12/5/2023,877-153-1257,mlucybs@yolasite.com,1810,7/15/1998,425
Herve,Collinette,United States,4/23/2023,305-198-9644,hcollinettebt@gov.uk,4467,2/25/1965,426
Durante,Limbert,China,4/14/2023,349-569-4048,dlimbertbu@dropbox.com,4096,11/3/1943,427
Rhett,Gilardengo,Brazil,7/11/2023,572-188-5842,rgilardengobv@csmonitor.com,5722,6/12/1961,428
Giana,Ioselev,China,8/16/2023,292-155-9677,gioselevbw@businessinsider.com,7634,10/6/1967,429
Pedro,Sickling,China,1/20/2023,683-167-1737,psicklingbx@cdbaby.com,2008,5/8/1995,430
Monroe,Deekes,Russia,6/8/2023,114-313-5508,mdeekesby@bluehost.com,9210,7/23/1971,431
Hilliary,Viccary,Russia,1/2/2023,904-528-8759,hviccarybz@shutterfly.com,7266,9/15/1998,432
Farr,Hearns,Uzbekistan,9/11/2023,405-142-7220,fhearnsc0@twitter.com,1813,5/8/1945,433
Albertina,Gantz,Georgia,1/14/2023,776-393-6249,agantzc1@blogs.com,3640,7/24/2007,434
Tris,Ashtonhurst,Brazil,6/14/2023,627-715-7216,tashtonhurstc2@mysql.com,5767,10/10/1967,435
Sander,Confort,Sweden,1/22/2023,606-578-1138,sconfortc3@boston.com,5533,6/17/1996,436
Morena,Glidden,Ukraine,10/13/2023,149-676-6265,mgliddenc4@reuters.com,2207,2/26/1967,437
Alvira,Forre,Russia,8/26/2023,622-871-9681,aforrec5@arizona.edu,7521,9/10/1978,438
Brianna,Sewart,China,11/5/2023,402-341-4368,bsewartc6@issuu.com,808,11/16/1965,439
Meridith,Biggins,Indonesia,12/27/2022,725-186-8469,mbigginsc7@last.fm,143,3/28/1949,440
Jordon,Boole,China,3/3/2023,927-104-8088,jboolec8@newyorker.com,748,5/7/1986,441
Jemima,Learmond,Indonesia,10/7/2023,471-391-9833,jlearmondc9@t.co,6798,7/7/1977,442
Jerri,Blumsom,China,9/27/2023,799-364-4489,jblumsomca@xing.com,7155,3/28/2014,443
Devinne,Reisenberg,Greece,5/27/2023,891-863-1646,dreisenbergcb@technorati.com,9591,8/27/1999,444
Donalt,Simester,Colombia,11/1/2023,952-303-1868,dsimestercc@blogtalkradio.com,9202,12/10/1970,445
Sandro,Tancock,China,1/23/2023,832-557-3937,stancockcd@home.pl,1275,1/9/1978,446
Stewart,Culvey,Somalia,6/10/2023,454-472-6967,sculveyce@columbia.edu,6161,12/19/1996,447
Chris,Camplejohn,South Korea,10/28/2023,246-215-7275,ccamplejohncf@un.org,2986,8/7/1958,448
Melicent,Colin,Indonesia,1/10/2023,440-859-5197,mcolincg@wikia.com,5259,7/2/1972,449
Cinnamon,Dowthwaite,United States,11/26/2023,636-332-8816,cdowthwaitech@amazon.co.jp,1957,2/6/1987,450
Ferdinande,Colquit,China,11/29/2023,208-267-7263,fcolquitci@wsj.com,5167,5/7/1987,451
Tabitha,Dever,Netherlands,10/24/2023,328-741-8992,tdevercj@lulu.com,9455,7/7/1997,452
Jorie,Nel,Indonesia,6/11/2023,201-724-5714,jnelck@wufoo.com,7815,7/15/2020,453
Chick,de Clerk,Finland,3/16/2023,971-679-2399,cdeclerkcl@ovh.net,8681,6/8/1969,454
Felita,Yele,Switzerland,2/28/2023,252-663-4776,fyelecm@nymag.com,5794,12/31/2009,455
Dannye,Moreside,Thailand,6/2/2023,629-450-1927,dmoresidecn@google.co.jp,9071,6/20/2004,456
Jules,Espina,Japan,7/5/2023,163-759-0600,jespinaco@pbs.org,9343,9/9/2002,457
Gloria,Losselyong,China,3/22/2023,958-606-9523,glosselyongcp@businesswire.com,979,12/4/1944,458
Codie,Antonellini,China,7/3/2023,317-490-1476,cantonellinicq@flavors.me,8805,1/19/1986,459
Dolf,Gornall,China,6/26/2023,932-649-1016,dgornallcr@163.com,9089,2/14/2022,460
Nance,Turbern,China,10/18/2023,805-125-9031,nturberncs@stumbleupon.com,7121,2/7/1962,461
Freedman,Smallpeace,China,4/14/2023,305-226-6950,fsmallpeacect@upenn.edu,9512,12/22/1964,462
Jeremy,Budcock,China,5/1/2023,509-566-4590,jbudcockcu@tmall.com,5660,3/11/1955,463
Maggy,Tindley,Uganda,8/21/2023,160-558-4963,mtindleycv@washington.edu,8587,10/15/1996,464
Zacherie,Bowery,Belgium,7/3/2023,232-989-5973,zbowerycw@illinois.edu,121,7/9/1983,465
Christophe,Cabotto,Russia,12/10/2022,941-614-9335,ccabottocx@google.co.uk,8488,8/19/1999,466
Sile,Zahor,Russia,3/26/2023,568-600-8989,szahorcy@mysql.com,5846,4/4/2019,467
Kittie,Biesterfeld,Sierra Leone,11/19/2023,396-316-9320,kbiesterfeldcz@marriott.com,5239,9/23/1962,468
Sumner,Allsepp,Indonesia,5/22/2023,904-209-1705,sallseppd0@cafepress.com,7391,3/21/2020,469
Chryste,Hand,Japan,6/9/2023,952-443-5069,chandd1@vinaora.com,6550,11/18/1953,470
Hiram,Persehouse,Indonesia,5/26/2023,183-399-9480,hpersehoused2@addthis.com,2316,7/24/2011,471
Rebekah,Satterley,China,2/6/2023,573-762-7812,rsatterleyd3@booking.com,3803,1/11/1981,472
Tarrance,Call,United States,2/17/2023,626-658-9098,tcalld4@usatoday.com,7156,11/15/1988,473
Priscella,Paolazzi,Sweden,5/29/2023,281-744-6586,ppaolazzid5@gov.uk,2973,1/31/1956,474
Ximenes,Enos,Philippines,1/10/2023,320-238-0224,xenosd6@google.ca,1007,6/2/2018,475
Willis,Inskipp,Indonesia,7/25/2023,433-976-2361,winskippd7@tripadvisor.com,2067,9/9/1993,476
Doralin,Pilmoor,France,5/28/2023,320-913-1231,dpilmoord8@gizmodo.com,8247,11/19/1972,477
La verne,Lidington,France,12/5/2022,458-187-2246,llidingtond9@sbwire.com,8164,2/23/2000,478
Elvyn,Gallehock,Sweden,8/11/2023,952-233-5831,egallehockda@51.la,6248,3/27/1994,479
Sanders,Warkup,United States,4/3/2023,850-528-7735,swarkupdb@nhs.uk,2780,3/14/1979,480
Thia,Whitcombe,Colombia,12/27/2022,583-257-4673,twhitcombedc@blogspot.com,5667,7/4/1942,481
Tremaine,Wooffinden,China,12/25/2022,851-117-7799,twooffindendd@bing.com,2212,4/3/1970,482
Terese,Wilmott,China,3/23/2023,209-640-6029,twilmottde@biglobe.ne.jp,1935,1/5/1999,483
Marve,Kaman,Indonesia,4/27/2023,701-591-8255,mkamandf@google.it,2395,3/20/2023,484
Asher,O'Hogertie,Argentina,12/1/2023,228-733-8442,aohogertiedg@comcast.net,9366,8/17/2001,485
Elwyn,Frediani,Jordan,4/23/2023,306-321-7781,efredianidh@paginegialle.it,3599,7/22/1996,486
Sidonia,Pigford,Russia,5/15/2023,708-388-2241,spigforddi@goo.gl,9468,11/3/1997,487
Jorrie,Hollibone,Vietnam,11/29/2023,193-149-4497,jhollibonedj@nsw.gov.au,9673,2/14/2010,488
Artur,Iacovo,Mexico,10/9/2023,679-453-9981,aiacovodk@hostgator.com,4346,8/23/2001,489
Nessy,De Brett,United States,8/17/2023,405-476-1180,ndebrettdl@typepad.com,4319,8/4/1996,490
Harriette,Golagley,Ukraine,12/23/2022,590-967-7000,hgolagleydm@tinypic.com,9069,2/1/2016,491
Lane,Emery,Iraq,6/1/2023,689-735-4088,lemerydn@uol.com.br,1851,8/14/1971,492
Ephrayim,Chilcotte,Czech Republic,9/27/2023,734-173-0943,echilcottedo@etsy.com,1736,5/25/1960,493
Warner,Tivnan,Peru,12/11/2022,292-139-2704,wtivnandp@nasa.gov,4667,1/22/1948,494
Shelley,Boshier,Mexico,4/20/2023,570-907-1385,sboshierdq@reuters.com,2986,4/22/2001,495
Christian,Linster,China,6/10/2023,335-966-9488,clinsterdr@joomla.org,7584,3/28/1960,496
Elene,Lichfield,Iran,11/4/2023,833-683-0672,elichfieldds@linkedin.com,7938,3/25/2014,497
Artemis,Itzhayek,Sweden,12/5/2022,374-677-8546,aitzhayekdt@meetup.com,4134,1/26/1994,498
Raina,Agnolo,Indonesia,4/9/2023,388-226-2560,ragnolodu@webs.com,8143,6/7/1943,499
Katrinka,Stollhofer,Ireland,4/25/2023,830-754-3523,kstollhoferdv@bloglines.com,6757,9/13/2002,500
Lin,MacTague,Indonesia,4/1/2023,430-943-5225,lmactaguedw@nps.gov,7287,8/30/1974,501
Rebecka,Hawkwood,China,9/25/2023,401-185-7971,rhawkwooddx@walmart.com,5614,10/3/1986,502
Read,Dudney,Canada,6/3/2023,309-538-1407,rdudneydy@tamu.edu,9572,11/4/1975,503
Rosella,Toppin,Canada,6/24/2023,994-540-7807,rtoppindz@webmd.com,5767,12/20/1943,504
Wendi,Feehely,Poland,9/7/2023,155-266-0932,wfeehelye0@ihg.com,4591,2/12/2011,505
Adolpho,Heale,Thailand,4/20/2023,841-185-1684,ahealee1@cornell.edu,6739,6/21/2014,506
Shelagh,Parell,Ukraine,7/11/2023,430-519-6425,sparelle2@walmart.com,2405,7/26/1942,507
Ardys,Francescoccio,China,12/13/2022,108-929-9507,afrancescoccioe3@miibeian.gov.cn,4310,4/19/2022,508
Coletta,McInally,China,9/30/2023,448-832-4729,cmcinallye4@discovery.com,3663,6/11/1972,509
Earl,Lawtie,China,7/2/2023,936-787-5102,elawtiee5@businessweek.com,581,1/21/1998,510
Manolo,Lintott,Indonesia,1/21/2023,271-496-1859,mlintotte6@hud.gov,6672,4/21/1964,511
Daveta,Smaleman,China,8/18/2023,363-602-8748,dsmalemane7@linkedin.com,9945,12/28/1979,512
Brunhilda,Suart,Chad,2/22/2023,667-791-7322,bsuarte8@msn.com,7512,11/27/1995,513
Kurt,Kennaway,Honduras,4/24/2023,167-678-7099,kkennawaye9@naver.com,9503,7/29/1955,514
Kurtis,McDuff,China,5/24/2023,133-382-7207,kmcduffea@senate.gov,803,2/18/2019,515
Maure,Harkes,Czech Republic,12/4/2023,801-421-0001,mharkeseb@biglobe.ne.jp,2283,1/22/1947,516
Nerti,Kunat,China,3/30/2023,703-670-8429,nkunatec@scientificamerican.com,6143,7/23/1958,517
Vinny,Hurn,Portugal,6/11/2023,700-213-7657,vhurned@nationalgeographic.com,2888,7/20/1996,518
Myrna,Tilbey,China,6/13/2023,661-864-3204,mtilbeyee@bizjournals.com,605,12/3/2002,519
Burgess,Meigh,Ukraine,1/16/2023,893-198-1739,bmeighef@networksolutions.com,493,5/14/2018,520
Orrin,Kitcherside,Indonesia,2/8/2023,247-977-0656,okitchersideeg@e-recht24.de,1999,11/25/1982,521
Carina,Lismore,Philippines,3/14/2023,559-456-9428,clismoreeh@cbsnews.com,9005,11/23/1996,522
Mord,Perris,Sweden,5/19/2023,217-117-2650,mperrisei@marriott.com,5473,1/5/2000,523
Hi,Carrivick,Russia,9/5/2023,753-346-2754,hcarrivickej@github.io,9870,9/29/1989,524
Korrie,Coucher,Portugal,10/23/2023,101-620-9437,kcoucherek@twitpic.com,4197,7/21/1999,525
Leonhard,Treweke,Indonesia,6/9/2023,519-563-8924,ltrewekeel@edublogs.org,8606,5/21/1992,526
Jo,Folkes,Indonesia,10/10/2023,364-210-0856,jfolkesem@linkedin.com,3755,4/1/1970,527
Gwyn,Dikle,Malawi,4/25/2023,738-894-0439,gdikleen@blogspot.com,1750,9/17/2004,528
Joaquin,Fielding,China,12/3/2022,925-300-7340,jfieldingeo@yahoo.com,9035,3/11/2003,529
Hobie,Comberbeach,China,1/6/2023,580-507-8730,hcomberbeachep@bizjournals.com,5460,3/4/1994,530
Eveline,Ramsell,Thailand,8/30/2023,349-364-2407,eramselleq@nyu.edu,9937,10/18/2007,531
Bibby,Blow,Russia,10/11/2023,163-751-4377,bblower@amazon.co.uk,2045,6/15/1955,532
Sawyer,Emms,France,7/8/2023,234-195-3006,semmses@theguardian.com,4630,3/17/1949,533
Lainey,Briggs,China,3/14/2023,549-716-1029,lbriggset@mozilla.com,8628,1/18/1984,534
Humbert,Iggo,Russia,12/4/2022,983-845-0322,higgoeu@walmart.com,8804,9/4/1989,535
Roseanne,Blanket,Vietnam,6/18/2023,975-409-6549,rblanketev@netlog.com,9379,10/4/2007,536
Emelen,Giacomoni,Bulgaria,5/30/2023,463-750-4742,egiacomoniew@networkadvertising.org,6084,2/5/1957,537
Mahmoud,Tobias,Peru,9/25/2023,637-904-9870,mtobiasex@apache.org,4527,1/25/1949,538
Isabelle,Govini,China,6/17/2023,511-930-0081,igoviniey@deliciousdays.com,5099,5/29/1998,539
Nerty,Souster,Nicaragua,4/1/2023,385-557-0517,nsousterez@psu.edu,506,3/9/1987,540
Asa,Snookes,China,2/8/2023,358-670-3429,asnookesf0@ustream.tv,284,5/4/1946,541
Pyotr,McOrkill,Ecuador,1/28/2023,658-458-6113,pmcorkillf1@deviantart.com,1302,12/12/1966,542
Mattie,Locket,United States,7/13/2023,607-110-6533,mlocketf2@indiatimes.com,9230,10/9/2001,543
Amii,Reynolds,South Africa,10/9/2023,580-669-1044,areynoldsf3@i2i.jp,4891,5/30/2005,544
Brooke,Drew-Clifton,Sweden,7/18/2023,919-339-8842,bdrewcliftonf4@addthis.com,6833,8/21/2016,545
Kaycee,Titchmarsh,Colombia,8/3/2023,268-250-5269,ktitchmarshf5@usatoday.com,9097,8/19/1961,546
Evvie,McGinney,Poland,4/19/2023,258-205-0184,emcginneyf6@cocolog-nifty.com,4451,9/12/1947,547
Elwin,Willshire,Brazil,1/8/2023,301-451-8133,ewillshiref7@domainmarket.com,654,2/11/2003,548
Dave,Reen,China,4/20/2023,589-807-4326,dreenf8@reverbnation.com,2837,12/1/1943,549
Jon,Greiswood,South Korea,11/30/2023,909-343-9972,jgreiswoodf9@sfgate.com,8262,12/19/1995,550
Sybilla,Pead,Thailand,5/9/2023,865-332-2828,speadfa@instagram.com,5549,5/4/1955,551
Shelbi,Jelfs,Croatia,9/9/2023,948-742-3062,sjelfsfb@cnet.com,4166,5/4/1962,552
Bogart,Cowx,Indonesia,8/14/2023,508-761-5391,bcowxfc@gizmodo.com,7264,8/31/1948,553
Rowen,Ropp,China,10/5/2023,516-743-6597,rroppfd@mail.ru,6944,7/1/1999,554
Eartha,Aloshechkin,Ukraine,3/28/2023,698-803-9097,ealoshechkinfe@yahoo.co.jp,2708,6/15/1979,555
Melva,Tidbald,Honduras,11/30/2023,711-406-2908,mtidbaldff@github.io,9678,9/29/1978,556
Nessa,Syratt,Thailand,5/1/2023,548-910-1272,nsyrattfg@mapquest.com,3934,9/16/2013,557
Galina,Lathbury,China,3/6/2023,116-348-6878,glathburyfh@businessinsider.com,1149,5/11/1963,558
Marcellina,Pattemore,China,11/5/2023,326-550-8525,mpattemorefi@sourceforge.net,912,5/13/2021,559
Heath,Bubeer,China,6/18/2023,829-944-6617,hbubeerfj@home.pl,9620,6/6/1968,560
Zia,Georgot,Venezuela,6/12/2023,125-264-4208,zgeorgotfk@harvard.edu,9313,11/18/1990,561
Donalt,Crossingham,Nicaragua,2/22/2023,966-829-2098,dcrossinghamfl@jiathis.com,4172,7/5/1943,562
Emyle,Chastagnier,Canada,4/4/2023,431-511-0403,echastagnierfm@google.de,7656,11/17/2018,563
Etti,Lerwell,Indonesia,12/25/2022,532-620-5319,elerwellfn@shop-pro.jp,6486,7/4/2020,564
Loria,Robiot,Philippines,12/4/2022,831-317-1033,lrobiotfo@dagondesign.com,8734,9/24/1964,565
Coraline,Huetson,Indonesia,3/4/2023,646-532-3301,chuetsonfp@desdev.cn,9904,2/11/1984,566
Zachery,Sweetlove,Syria,12/7/2022,360-729-6836,zsweetlovefq@eventbrite.com,2837,11/28/1951,567
Padriac,Duffit,Kuwait,9/9/2023,519-456-1579,pduffitfr@gizmodo.com,2684,12/14/1946,568
Francklyn,Sture,Honduras,9/21/2023,589-770-9595,fsturefs@huffingtonpost.com,1528,6/2/2003,569
Diannne,Jowers,United States,3/5/2023,626-959-9990,djowersft@lycos.com,5035,11/29/1954,570
Morgan,Munks,Thailand,8/15/2023,369-743-7756,mmunksfu@npr.org,6019,10/30/1951,571
Odette,Worland,Colombia,10/13/2023,435-284-1100,oworlandfv@reverbnation.com,565,12/28/1940,572
Ambrosi,Ludy,Afghanistan,8/3/2023,578-196-8564,aludyfw@sfgate.com,3362,5/28/1999,573
Winona,Delacoste,Brazil,4/8/2023,517-202-4109,wdelacostefx@google.com.hk,1718,4/11/1997,574
Kalvin,Whitelaw,China,3/17/2023,215-273-9298,kwhitelawfy@pinterest.com,6552,9/13/1950,575
Otto,Wilkin,Yemen,8/14/2023,618-812-0744,owilkinfz@springer.com,5206,11/26/1974,576
Wilhelmina,O'Dea,Burkina Faso,7/12/2023,347-566-6599,wodeag0@altervista.org,2425,8/4/2018,577
Zeke,McCarlie,Croatia,9/5/2023,998-876-4984,zmccarlieg1@mapquest.com,2,3/26/1942,578
Lesley,Rainford,Indonesia,10/9/2023,877-869-4135,lrainfordg2@springer.com,6467,6/20/1945,579
Giacobo,Shepstone,Dominican Republic,9/23/2023,333-144-1376,gshepstoneg3@sfgate.com,1455,1/31/1988,580
Giuseppe,Wipfler,Philippines,1/30/2023,966-608-8440,gwipflerg4@apache.org,8730,5/16/1980,581
Elmira,Pressnell,Argentina,10/6/2023,196-888-4410,epressnellg5@cafepress.com,2950,7/14/1994,582
Erv,Jackson,Indonesia,11/5/2023,340-248-2353,ejacksong6@domainmarket.com,187,10/17/1943,583
Octavia,Nabbs,Indonesia,12/2/2023,529-356-9895,onabbsg7@flavors.me,9330,3/25/1973,584
Nat,Shipton,Japan,6/22/2023,524-623-6747,nshiptong8@gnu.org,3080,5/9/1993,585
Ottilie,Spence,Guatemala,10/19/2023,843-484-5715,ospenceg9@list-manage.com,2083,10/6/1945,586
Dell,MacTrustie,Mexico,12/8/2022,534-431-7487,dmactrustiega@de.vu,6915,7/20/1968,587
Joey,McLaughlan,Macedonia,10/25/2023,292-221-1768,jmclaughlangb@liveinternet.ru,1819,2/12/1943,588
Guinna,Frisdick,China,7/25/2023,675-258-1497,gfrisdickgc@imgur.com,5035,1/21/1975,589
Antonietta,Valasek,Japan,3/12/2023,324-478-5028,avalasekgd@ifeng.com,8630,4/26/1975,590
Stacy,Daulton,Russia,7/22/2023,233-643-2098,sdaultonge@blinklist.com,2147,10/4/1942,591
Jen,Pulford,Peru,7/6/2023,569-656-2324,jpulfordgf@networkadvertising.org,5416,4/29/1986,592
Lyndell,Milsap,Gambia,3/6/2023,320-990-3253,lmilsapgg@wikia.com,4960,5/10/2009,593
Sal,Dovey,China,8/17/2023,654-344-9691,sdoveygh@facebook.com,9271,3/25/1959,594
Jock,A'Barrow,China,6/6/2023,318-624-1853,jabarrowgi@prlog.org,1191,6/15/1984,595
Pennie,Dupre,Indonesia,11/21/2023,176-722-4321,pdupregj@mediafire.com,5816,9/3/2010,596
Jaimie,Tytterton,China,6/13/2023,774-920-4917,jtyttertongk@barnesandnoble.com,831,10/2/1953,597
Melvyn,Danser,China,9/24/2023,743-853-6668,mdansergl@icq.com,9846,12/7/1951,598
Warren,Vasentsov,Philippines,12/7/2023,655-656-3918,wvasentsovgm@gravatar.com,7828,1/25/1952,599
Mariana,Yellep,Tunisia,11/9/2023,780-591-0060,myellepgn@ibm.com,1025,3/11/1999,600
Lyell,Chatelet,Russia,2/10/2023,717-896-3285,lchateletgo@posterous.com,695,1/10/2022,601
Darsie,Tabb,Russia,3/12/2023,691-810-4236,dtabbgp@biblegateway.com,9688,3/10/1949,602
Freddi,Brimming,Iran,1/29/2023,126-942-2408,fbrimminggq@mapquest.com,9502,7/23/2013,603
Tore,Strange,Philippines,3/17/2023,118-449-4025,tstrangegr@princeton.edu,6263,4/9/1944,604
Rochester,Revett,Russia,8/7/2023,250-644-8864,rrevettgs@umn.edu,3501,2/10/1961,605
Madelaine,Larking,Netherlands,3/21/2023,777-256-0800,mlarkinggt@cam.ac.uk,3803,6/8/1963,606
Randy,Fergusson,Malaysia,4/12/2023,840-592-2120,rfergussongu@sfgate.com,6987,7/20/2011,607
Amata,Jerams,Canada,7/12/2023,902-406-0602,ajeramsgv@go.com,133,3/11/1997,608
Georgeta,Whaplington,Mexico,8/13/2023,187-596-9719,gwhaplingtongw@hhs.gov,5257,8/8/1999,609
Daisey,Eddoes,China,8/7/2023,263-928-3130,deddoesgx@addthis.com,6817,7/1/1964,610
Rivalee,Gissing,Greece,5/16/2023,723-273-5459,rgissinggy@macromedia.com,647,8/19/1973,611
Jeane,Chipps,Philippines,2/12/2023,996-240-0433,jchippsgz@eepurl.com,6759,6/23/2016,612
Samson,Conibere,Philippines,8/24/2023,498-889-1868,sconibereh0@163.com,5849,1/12/1955,613
Jacquetta,Heggman,Portugal,11/3/2023,807-994-1179,jheggmanh1@un.org,9713,2/11/1950,614
Moore,Wilsone,Brazil,10/25/2023,359-851-2571,mwilsoneh2@angelfire.com,7039,1/10/1978,615
Cammy,Houchin,Bolivia,10/7/2023,826-552-7815,chouchinh3@ehow.com,4612,8/20/2014,616
Danell,Flay,Japan,10/7/2023,278-456-5405,dflayh4@geocities.com,7762,8/18/2006,617
Averill,Winterflood,Russia,5/5/2023,978-927-5659,awinterfloodh5@miitbeian.gov.cn,5077,6/12/1944,618
Norris,Urpeth,Brazil,1/11/2023,144-831-2715,nurpethh6@nsw.gov.au,3201,1/19/1988,619
Gavin,Leyzell,China,7/23/2023,127-156-6416,gleyzellh7@gravatar.com,5203,5/20/2001,620
Goddard,Woolmore,Pakistan,8/6/2023,451-358-6653,gwoolmoreh8@eepurl.com,4011,8/23/2015,621
Ella,Kelner,South Africa,3/10/2023,715-466-9944,ekelnerh9@w3.org,9311,10/3/1992,622
Dolf,Ghiotto,Philippines,6/12/2023,983-930-4528,dghiottoha@quantcast.com,2229,7/18/2006,623
Rinaldo,Mitkin,Ukraine,7/18/2023,322-229-3280,rmitkinhb@hhs.gov,8944,3/21/2023,624
Roze,Growden,China,2/5/2023,291-197-8563,rgrowdenhc@walmart.com,7745,4/25/2008,625
Amye,Ert,Poland,2/7/2023,213-438-7995,aerthd@abc.net.au,2631,8/6/2001,626
Terese,Effnert,China,7/13/2023,911-690-4192,teffnerthe@usatoday.com,839,8/7/1986,627
Ilyssa,Goodenough,Philippines,5/22/2023,560-611-2551,igoodenoughhf@miibeian.gov.cn,3616,3/11/2017,628
Tierney,Spens,China,2/11/2023,696-698-7195,tspenshg@fc2.com,7750,5/18/1981,629
Alleen,Chimenti,Russia,6/18/2023,703-594-7297,achimentihh@omniture.com,4872,6/10/1945,630
Ruthi,Grinvalds,Venezuela,12/8/2022,975-464-8465,rgrinvaldshi@surveymonkey.com,4666,12/24/1963,631
Prudi,Itzkovwich,Philippines,12/15/2022,138-322-4065,pitzkovwichhj@walmart.com,2803,3/8/1959,632
Gennifer,Mityashin,Palestinian Territory,11/27/2023,641-373-9197,gmityashinhk@cmu.edu,3078,12/18/1961,633
Vanda,Stillman,Indonesia,10/9/2023,994-287-5032,vstillmanhl@dailymail.co.uk,1084,1/12/1970,634
Melicent,Bach,Russia,3/15/2023,637-534-9677,mbachhm@independent.co.uk,7908,7/21/1981,635
Opaline,Spridgeon,United States,3/21/2023,405-480-7484,ospridgeonhn@cafepress.com,1407,3/7/1984,636
Harlie,Keilty,Colombia,3/27/2023,559-913-7703,hkeiltyho@dagondesign.com,5940,2/12/2000,637
Clayton,Macy,China,10/16/2023,198-323-3995,cmacyhp@nbcnews.com,8189,4/5/2016,638
Heather,Simmank,Bulgaria,8/11/2023,194-196-8568,hsimmankhq@nydailynews.com,3186,6/8/1953,639
Ranna,MacColl,Japan,7/5/2023,143-115-3958,rmaccollhr@jugem.jp,9391,4/3/1975,640
Humberto,Jurick,Ukraine,6/12/2023,612-648-1110,hjurickhs@hibu.com,3855,3/14/2020,641
Dorey,Aldgate,Indonesia,10/19/2023,530-187-4746,daldgateht@stanford.edu,1325,12/31/2012,642
Xaviera,Bucky,Poland,4/26/2023,985-654-1040,xbuckyhu@google.ca,3519,9/13/1964,643
Alberto,Marley,Indonesia,6/16/2023,629-505-0927,amarleyhv@sogou.com,3440,10/30/2008,644
Peg,Grandison,Indonesia,6/16/2023,486-964-3586,pgrandisonhw@si.edu,3550,7/29/2010,645
Adelle,Izakson,France,2/9/2023,870-862-5481,aizaksonhx@soundcloud.com,6561,12/27/1943,646
Bell,Luggar,Indonesia,3/11/2023,998-751-8560,bluggarhy@devhub.com,691,10/26/1991,647
Nolana,Rylands,Afghanistan,5/5/2023,999-909-4247,nrylandshz@google.de,6267,3/2/1945,648
Cristen,Zimek,Brazil,11/20/2023,835-426-1095,czimeki0@craigslist.org,4915,2/14/1941,649
Aubree,Stronge,Serbia,3/28/2023,447-787-4255,astrongei1@statcounter.com,9716,7/5/1991,650
Tonye,Bulley,Russia,8/23/2023,551-971-9026,tbulleyi2@yellowbook.com,5540,3/23/1959,651
Frankie,Rappaport,China,11/15/2023,927-419-3535,frappaporti3@hud.gov,1616,11/3/1984,652
Norine,Mockett,Russia,1/2/2023,252-616-5989,nmocketti4@themeforest.net,2681,1/29/2021,653
Jenilee,Carvell,Philippines,11/24/2023,629-355-1445,jcarvelli5@parallels.com,4234,5/24/1951,654
Aloisia,MacAllan,New Caledonia,11/11/2023,587-389-1471,amacallani6@oracle.com,4504,8/22/1944,655
Elita,Godridge,Ukraine,12/22/2022,704-241-1141,egodridgei7@dmoz.org,8238,1/25/1977,656
Benita,Bidgood,Sweden,6/26/2023,433-476-1441,bbidgoodi8@paypal.com,3691,12/13/2013,657
Chicky,Dimitresco,Poland,3/3/2023,123-341-9248,cdimitrescoi9@cpanel.net,4627,4/24/1988,658
Tadio,Anfonsi,Thailand,7/24/2023,276-860-6111,tanfonsiia@vkontakte.ru,5848,10/28/1960,659
Tracey,Blaydon,Indonesia,1/31/2023,784-495-3047,tblaydonib@typepad.com,310,9/27/1958,660
Stu,Cathro,Thailand,6/16/2023,486-884-0143,scathroic@xinhuanet.com,6987,12/11/1990,661
Tiffi,Jerke,Nauru,3/2/2023,766-417-4687,tjerkeid@oaic.gov.au,9738,5/28/1942,662
Miguela,Pawle,United States,3/16/2023,630-106-9447,mpawleie@who.int,7534,2/18/1977,663
Sabrina,Genn,Japan,8/5/2023,309-545-4645,sgennif@census.gov,3024,2/16/1941,664
Marnia,Behning,United States,5/12/2023,772-846-3797,mbehningig@hexun.com,1611,1/22/1962,665
Sara,Benitez,China,8/31/2023,982-931-3787,sbenitezih@gizmodo.com,8103,3/4/1950,666
Sharron,Rosenzveig,Ukraine,7/2/2023,648-272-1607,srosenzveigii@jiathis.com,5961,12/14/2018,667
Redford,Breslauer,Indonesia,5/7/2023,107-174-7083,rbreslauerij@liveinternet.ru,3277,1/20/2013,668
Boigie,Loxdale,Russia,2/5/2023,504-163-1817,bloxdaleik@intel.com,9784,8/22/2005,669
Taber,O'Hanlon,Russia,9/30/2023,660-464-3336,tohanlonil@si.edu,1968,12/29/1988,670
Gardener,Durban,China,9/26/2023,792-942-8496,gdurbanim@prweb.com,6690,2/20/2020,671
Charissa,Gawthorpe,China,3/13/2023,205-472-2947,cgawthorpein@addtoany.com,3526,4/30/1951,672
Jammal,Bourne,Japan,1/4/2023,543-214-6097,jbourneio@mapy.cz,941,8/30/1963,673
Hamish,Cumo,Montenegro,2/26/2023,448-234-3578,hcumoip@senate.gov,9025,2/6/2002,674
Rivkah,Dumbelton,Portugal,9/13/2023,951-687-0991,rdumbeltoniq@stumbleupon.com,8869,9/15/1947,675
Cassius,Itzchaky,Montserrat,4/26/2023,538-349-6593,citzchakyir@paypal.com,1689,5/23/1979,676
Twila,Cirlos,Czech Republic,4/17/2023,399-685-5167,tcirlosis@biglobe.ne.jp,1288,12/14/2002,677
Renie,Kersey,Philippines,9/14/2023,318-777-9780,rkerseyit@slashdot.org,3622,5/23/1977,678
Kerry,Keefe,Poland,5/11/2023,755-333-5978,kkeefeiu@huffingtonpost.com,4092,12/31/1996,679
Lisette,Gregol,Mongolia,5/9/2023,792-723-7267,lgregoliv@omniture.com,1744,11/15/2004,680
Barbara,Venable,Lebanon,12/22/2022,741-693-3687,bvenableiw@slate.com,7611,5/27/1963,681
Graehme,Gaddes,Slovenia,1/9/2023,831-643-4324,ggaddesix@mysql.com,8202,6/29/2002,682
Reggis,Loughton,Afghanistan,6/28/2023,769-347-3374,rloughtoniy@tuttocitta.it,5891,9/21/2013,683
Indira,Sevier,Portugal,12/21/2022,175-607-2448,isevieriz@hibu.com,5711,12/25/2000,684
Bonny,Rosenqvist,Indonesia,10/8/2023,307-668-7584,brosenqvistj0@dailymail.co.uk,5322,5/12/1993,685
Marjory,Kenningham,Russia,10/11/2023,210-601-1880,mkenninghamj1@marriott.com,6933,2/18/1977,686
Lu,Dulanty,Indonesia,2/14/2023,394-970-1079,ldulantyj2@dropbox.com,5884,7/4/1988,687
Tobe,Allberry,Luxembourg,10/26/2023,190-847-3402,tallberryj3@livejournal.com,9263,9/4/1995,688
Kean,Beveredge,Poland,10/22/2023,210-305-3702,kbeveredgej4@hatena.ne.jp,4849,5/16/1985,689
Britte,Claibourn,China,2/7/2023,736-185-6335,bclaibournj5@indiatimes.com,9279,12/11/1957,690
Eleni,Lowrance,United States,7/17/2023,915-229-5042,elowrancej6@google.cn,39,3/24/2013,691
Twyla,Ogley,China,4/14/2023,441-940-8333,togleyj7@networkadvertising.org,1441,7/19/1999,692
Verge,Pettett,Indonesia,9/14/2023,718-253-0049,vpettettj8@twitpic.com,908,4/18/2001,693
Tadeas,Botte,Netherlands,8/26/2023,897-130-0069,tbottej9@amazon.co.jp,2770,11/9/1993,694
Irwin,Pietruschka,Greece,11/7/2023,683-124-4086,ipietruschkaja@phoca.cz,3585,8/24/1990,695
Marjory,Cordier,Vietnam,9/7/2023,631-295-2256,mcordierjb@epa.gov,1259,8/16/1960,696
Dalila,Blackaller,Russia,4/10/2023,366-779-4054,dblackallerjc@people.com.cn,6777,6/23/1984,697
Lorrie,Heitz,Greece,9/18/2023,602-286-5149,lheitzjd@plala.or.jp,4147,11/21/1967,698
Lindsey,Camerana,Kazakhstan,2/20/2023,227-581-4082,lcameranaje@symantec.com,1815,12/19/1995,699
Karlen,Drewry,Philippines,9/27/2023,475-118-5168,kdrewryjf@oaic.gov.au,3413,9/13/1982,700
Sissy,Kennard,Indonesia,7/11/2023,699-565-1607,skennardjg@yandex.ru,3714,12/26/2015,701
Wyndham,Chidgey,Thailand,3/22/2023,932-464-9489,wchidgeyjh@webnode.com,8140,5/29/2023,702
Thorny,Heggadon,Guatemala,12/6/2023,420-272-1846,theggadonji@springer.com,2491,2/2/1967,703
Tiffani,Daines,Russia,11/3/2023,541-148-9222,tdainesjj@oakley.com,7461,3/3/1946,704
Tilda,Attersoll,Benin,2/4/2023,716-963-9407,tattersolljk@tumblr.com,6563,8/19/1990,705
Brande,Willgoose,South Africa,4/2/2023,219-887-7725,bwillgoosejl@theguardian.com,4284,6/12/1951,706
Casi,Laxtonne,Philippines,9/7/2023,599-292-0732,claxtonnejm@wikia.com,8791,3/21/2018,707
Gregg,Cayzer,Czech Republic,4/9/2023,854-109-6942,gcayzerjn@wikimedia.org,8558,10/10/2007,708
Vyky,Sandal,United States,6/9/2023,812-851-3036,vsandaljo@deliciousdays.com,2448,8/7/2019,709
Ruddy,Aspole,China,11/23/2023,271-764-8921,raspolejp@t-online.de,1156,12/25/2018,710
Eilis,Bilsford,Philippines,3/27/2023,824-778-4160,ebilsfordjq@nature.com,5277,7/23/1957,711
Mickey,Gisburne,Brazil,3/31/2023,384-491-6971,mgisburnejr@loc.gov,1954,12/16/1987,712
Elliot,Deeth,China,5/9/2023,771-692-6817,edeethjs@hugedomains.com,825,1/28/1951,713
Marcia,Ginnally,China,5/29/2023,219-802-6727,mginnallyjt@reddit.com,2456,2/12/2003,714
Melodee,Zannini,Indonesia,6/27/2023,778-802-8129,mzanniniju@paypal.com,8151,4/27/2016,715
Trescha,Patrickson,South Korea,5/3/2023,606-402-5588,tpatricksonjv@nba.com,9964,6/15/1942,716
Nataniel,Krates,China,10/30/2023,723-897-6013,nkratesjw@issuu.com,5383,4/17/1951,717
Allistir,Cholmondeley,Brazil,10/4/2023,715-119-5122,acholmondeleyjx@columbia.edu,7936,4/26/1954,718
Guy,Davenhill,Indonesia,11/7/2023,749-348-6972,gdavenhilljy@ibm.com,3632,2/2/1996,719
Granny,Vine,China,8/10/2023,449-891-2642,gvinejz@ft.com,5128,3/31/1958,720
Corry,Patise,Sweden,2/12/2023,295-149-7469,cpatisek0@usnews.com,7241,6/1/2022,721
Dodie,Ajsik,Russia,11/23/2023,201-194-5847,dajsikk1@angelfire.com,3103,4/29/2000,722
Chantalle,Wittleton,Japan,6/22/2023,103-532-5447,cwittletonk2@is.gd,7635,7/22/1993,723
Josee,Spellacy,Philippines,11/10/2023,729-567-2158,jspellacyk3@apple.com,4316,5/5/1949,724
Letta,Barszczewski,Russia,10/13/2023,716-353-3597,lbarszczewskik4@intel.com,8517,1/12/2023,725
Gertrude,Dealtry,Egypt,12/24/2022,753-782-6668,gdealtryk5@1und1.de,6473,10/2/1951,726
Kendell,Pittaway,Laos,2/22/2023,950-813-1133,kpittawayk6@angelfire.com,5132,3/28/1989,727
Mile,Husbands,Peru,6/17/2023,164-497-3725,mhusbandsk7@tinypic.com,7280,9/9/1943,728
Margarethe,Quincey,Czech Republic,8/13/2023,127-516-3100,mquinceyk8@sakura.ne.jp,2321,9/20/1945,729
Melli,Tysack,Indonesia,11/4/2023,538-643-6228,mtysackk9@adobe.com,3729,4/20/2012,730
Roderich,Camfield,Indonesia,10/17/2023,600-300-7631,rcamfieldka@reuters.com,1810,9/7/1976,731
Josselyn,Crayk,Indonesia,9/17/2023,608-943-2421,jcraykkb@newsvine.com,1818,8/8/1989,732
Cordie,Norledge,Peru,9/17/2023,232-605-2597,cnorledgekc@youku.com,1117,3/17/1958,733
Maxie,Breit,Japan,6/27/2023,862-772-2770,mbreitkd@bloomberg.com,2499,2/23/2023,734
Walden,Bowman,China,6/4/2023,626-638-4799,wbowmanke@tuttocitta.it,2363,9/13/2023,735
Danya,Croley,China,10/22/2023,534-563-1059,dcroleykf@1688.com,3083,11/30/1951,736
Mack,Wallbrook,Albania,4/4/2023,291-638-6346,mwallbrookkg@globo.com,3753,10/28/2016,737
Brina,Kolakovic,Sweden,11/5/2023,829-400-8818,bkolakovickh@myspace.com,1147,12/27/1984,738
Cara,Chatfield,Cuba,3/19/2023,448-709-3887,cchatfieldki@ebay.co.uk,8215,10/22/1969,739
Karie,Batchelder,Laos,8/27/2023,735-102-3848,kbatchelderkj@webs.com,329,10/31/1973,740
Tabby,Gres,United States,5/28/2023,360-968-2117,tgreskk@squarespace.com,7930,5/10/2001,741
Tymothy,Putson,China,7/31/2023,843-302-3224,tputsonkl@microsoft.com,4396,1/27/1998,742
Garrard,Toopin,China,12/27/2022,269-568-8861,gtoopinkm@goodreads.com,1923,7/31/1943,743
Jocelin,Pentycross,Colombia,8/11/2023,396-110-5802,jpentycrosskn@microsoft.com,9104,9/28/1942,744
Honor,Marvelley,Greece,2/17/2023,560-519-0354,hmarvelleyko@shinystat.com,6490,10/16/1991,745
Alvie,Kerkham,United Kingdom,4/28/2023,331-939-4641,akerkhamkp@miitbeian.gov.cn,1035,8/10/2018,746
Ania,Haydn,China,4/17/2023,754-359-1099,ahaydnkq@theatlantic.com,1043,9/6/1993,747
Kirby,Bridgeman,France,1/21/2023,684-765-9220,kbridgemankr@forbes.com,671,5/22/1967,748
Garvin,Tape,China,8/24/2023,459-660-5308,gtapeks@opera.com,4865,2/18/1944,749
Basil,Mitham,Brazil,12/9/2022,241-545-1297,bmithamkt@tmall.com,882,8/2/2021,750
Mill,Galero,Indonesia,3/25/2023,302-131-8626,mgaleroku@gravatar.com,745,2/9/1961,751
Case,Montfort,Vietnam,1/17/2023,132-475-0468,cmontfortkv@booking.com,5059,6/12/1960,752
Marni,Aslam,China,11/22/2023,443-576-4646,maslamkw@example.com,8599,9/25/1954,753
Reece,Satch,Kazakhstan,6/14/2023,683-516-0169,rsatchkx@illinois.edu,3967,2/1/1944,754
Edie,Ruberti,China,12/18/2022,868-186-6373,erubertiky@wix.com,4599,10/26/2018,755
Antonia,Aronoff,Philippines,1/23/2023,253-758-3817,aaronoffkz@nifty.com,2917,8/12/1948,756
Nedi,Knok,China,12/7/2022,821-302-9233,nknokl0@friendfeed.com,7470,3/24/2019,757
Blinni,Weedon,Sweden,3/9/2023,193-448-4139,bweedonl1@engadget.com,6960,8/2/2020,758
Dilly,Hellyer,China,7/2/2023,527-297-2662,dhellyerl2@bloglines.com,3428,9/2/1966,759
Katerina,Gorner,United States,6/1/2023,718-154-5061,kgornerl3@jiathis.com,2727,3/5/1983,760
Freeland,O'Flannery,Philippines,3/20/2023,162-343-0706,foflanneryl4@shareasale.com,5190,1/28/1951,761
Lita,Giacomoni,Moldova,10/1/2023,553-758-3519,lgiacomonil5@biblegateway.com,9153,7/20/1972,762
Stanton,Rissom,Pakistan,12/3/2022,418-425-3542,srissoml6@slashdot.org,3231,8/11/1994,763
Dore,Petrovsky,Thailand,8/20/2023,788-516-8457,dpetrovskyl7@qq.com,6900,10/2/2005,764
Rinaldo,Ellery,Russia,9/13/2023,276-878-3402,relleryl8@unesco.org,8935,5/10/1970,765
Daune,Lamprey,Japan,7/28/2023,857-342-6851,dlampreyl9@simplemachines.org,863,9/24/2015,766
Constantia,Dine-Hart,Kazakhstan,8/9/2023,806-526-3892,cdinehartla@columbia.edu,1130,4/17/1967,767
Barret,Bonsall,Philippines,2/2/2023,250-541-0336,bbonsalllb@desdev.cn,5298,8/27/2012,768
Kassi,Reade,Portugal,9/28/2023,549-371-0748,kreadelc@paypal.com,5414,10/31/1949,769
Rivkah,Stedman,China,1/5/2023,826-979-4969,rstedmanld@altervista.org,4869,11/7/2008,770
Noll,Weekley,Thailand,3/29/2023,266-603-8962,nweekleyle@comsenz.com,2300,3/28/1957,771
Selma,Terlinden,Yemen,5/10/2023,628-354-4542,sterlindenlf@webmd.com,6036,11/28/1963,772
Aluino,Varfalameev,China,12/12/2022,515-807-1145,avarfalameevlg@typepad.com,6031,3/28/1945,773
Arden,Blackborn,Russia,11/5/2023,777-269-6861,ablackbornlh@sogou.com,8436,10/23/1942,774
Lorine,Philippart,Indonesia,6/23/2023,479-256-4351,lphilippartli@tamu.edu,5180,4/16/1969,775
Emlynn,Ottawell,Poland,11/13/2023,368-649-8606,eottawelllj@jiathis.com,5003,6/15/1992,776
Howie,Ducarel,Canada,4/6/2023,655-678-6878,hducarellk@cnbc.com,5804,6/25/1990,777
Bryon,Marielle,China,2/15/2023,932-590-4679,bmariellell@jiathis.com,3628,5/31/2013,778
Pierre,Conrath,Thailand,8/12/2023,835-651-9970,pconrathlm@cmu.edu,7449,10/3/1953,779
Granny,Rudgley,Russia,11/14/2023,643-720-0325,grudgleyln@weather.com,8544,9/18/1972,780
Bernita,Gladbeck,China,6/24/2023,961-383-1619,bgladbecklo@pinterest.com,3019,11/29/1941,781
Vale,Whether,France,10/9/2023,885-512-4109,vwhetherlp@tuttocitta.it,9802,9/14/1980,782
Fae,Carmichael,Cuba,11/25/2023,977-463-2987,fcarmichaellq@vistaprint.com,3678,2/22/1951,783
Olimpia,Diggens,China,4/30/2023,502-708-1994,odiggenslr@imgur.com,8668,11/13/2016,784
Oates,Clelle,China,10/18/2023,559-418-1754,oclellels@marketwatch.com,2499,8/16/1968,785
Shannah,Exell,Angola,1/31/2023,114-634-8531,sexelllt@bloglines.com,3540,6/25/1967,786
Gabrila,Stanbury,Azerbaijan,1/31/2023,624-349-8126,gstanburylu@npr.org,8911,12/31/1943,787
Gerald,Keepin,Poland,3/7/2023,582-176-9382,gkeepinlv@squidoo.com,5183,12/27/1989,788
Bailie,Todhunter,China,9/19/2023,298-904-6897,btodhunterlw@nhs.uk,4994,2/3/1961,789
Brock,Hammerich,China,2/6/2023,596-830-8746,bhammerichlx@unesco.org,927,5/13/2011,790
Shannen,Menault,Czech Republic,11/1/2023,501-598-9925,smenaultly@europa.eu,7109,12/21/1985,791
Rich,Powton,Japan,5/7/2023,416-799-0081,rpowtonlz@cargocollective.com,1329,2/26/1955,792
Gloriana,Carnell,Afghanistan,4/20/2023,133-562-1850,gcarnellm0@wp.com,2282,12/24/2012,793
Clarie,Gheorghe,Cameroon,12/24/2022,549-222-9923,cgheorghem1@weibo.com,9467,7/19/2003,794
Zacharia,Tonnesen,Ukraine,4/3/2023,190-198-6149,ztonnesenm2@com.com,8649,8/31/2006,795
Katrina,Perrinchief,Serbia,12/7/2022,758-415-6075,kperrinchiefm3@xinhuanet.com,3901,8/28/2010,796
Celie,Rolston,Portugal,12/3/2022,183-611-8127,crolstonm4@surveymonkey.com,6735,1/13/1990,797
Karie,Izachik,Poland,11/25/2023,890-757-8558,kizachikm5@umn.edu,8939,1/9/1961,798
Alexina,Claire,Czech Republic,6/30/2023,981-845-7333,aclairem6@tripadvisor.com,2790,1/9/1994,799
Andros,Cuer,Brazil,3/31/2023,581-535-8020,acuerm7@hostgator.com,4303,9/3/1976,800
Arlene,Sawrey,Finland,2/25/2023,528-158-4314,asawreym8@yelp.com,2521,10/30/1966,801
Teddy,Fynan,China,11/4/2023,489-981-3687,tfynanm9@paginegialle.it,7088,8/14/1945,802
Lowrance,Palatini,Indonesia,10/14/2023,890-192-0477,lpalatinima@linkedin.com,6223,12/7/2020,803
Marius,Launchbury,Kazakhstan,12/23/2022,872-963-3096,mlaunchburymb@twitter.com,3316,1/20/1955,804
Carlene,Isenor,Portugal,7/5/2023,617-359-4085,cisenormc@netlog.com,5616,6/15/1996,805
Auberta,Turbitt,United States,11/17/2023,214-764-4097,aturbittmd@ustream.tv,2294,9/30/2014,806
Roger,Glasscock,Czech Republic,9/26/2023,145-258-1593,rglasscockme@google.cn,5771,5/16/1978,807
Deeyn,Odcroft,Sweden,6/13/2023,107-537-0904,dodcroftmf@wisc.edu,9630,1/27/1962,808
Maurits,Somner,Thailand,2/19/2023,472-676-9497,msomnermg@pagesperso-orange.fr,8080,11/20/2000,809
Cara,Leng,China,1/30/2023,994-605-8612,clengmh@wix.com,6878,6/14/2007,810
Ulick,Ravilious,Indonesia,10/22/2023,640-445-2014,uraviliousmi@usgs.gov,728,9/24/1973,811
Morrie,Clitheroe,Ukraine,10/10/2023,857-398-3292,mclitheroemj@abc.net.au,5480,10/17/1970,812
Sherill,Bolsover,Finland,11/12/2023,993-742-3047,sbolsovermk@tuttocitta.it,6530,1/18/1989,813
Melva,Salomon,China,6/20/2023,907-710-3579,msalomonml@hubpages.com,4959,5/2/2001,814
Orville,Crimp,China,4/13/2023,473-800-1861,ocrimpmm@myspace.com,9597,1/27/1996,815
Herschel,Wathen,France,9/8/2023,135-641-8874,hwathenmn@bing.com,3113,7/30/2016,816
Devin,Rowen,China,10/12/2023,381-750-1801,drowenmo@com.com,7026,6/4/1941,817
Elbert,Farrens,Cuba,2/3/2023,524-516-5302,efarrensmp@google.fr,656,6/14/1958,818
Gussi,Beddingham,China,9/12/2023,352-663-3382,gbeddinghammq@harvard.edu,4131,8/21/1981,819
Ag,Standell,Armenia,11/15/2023,663-125-5146,astandellmr@cafepress.com,9499,11/27/2007,820
Goldi,Batterbee,Slovenia,11/22/2023,887-916-0953,gbatterbeems@delicious.com,8950,12/29/2016,821
Netty,Wickerson,Brazil,3/4/2023,417-466-6455,nwickersonmt@ebay.co.uk,740,10/5/1987,822
Merla,Pelos,Malaysia,3/13/2023,107-262-3239,mpelosmu@census.gov,866,3/21/1979,823
Hollie,Koche,Russia,6/28/2023,634-766-0461,hkochemv@moonfruit.com,666,10/16/1996,824
Fonz,Attfield,Poland,4/10/2023,475-806-9376,fattfieldmw@cnn.com,5230,3/26/2020,825
Dud,Reboul,Peru,2/27/2023,934-500-2993,dreboulmx@issuu.com,448,6/11/1973,826
Eba,Bedburrow,Taiwan,10/27/2023,936-383-9851,ebedburrowmy@yelp.com,9228,6/6/1971,827
Karina,Shore,Brazil,10/8/2023,996-593-0919,kshoremz@devhub.com,948,12/26/1953,828
Winnie,McShane,Russia,12/14/2022,363-868-1998,wmcshanen0@stumbleupon.com,2384,8/8/1966,829
Andie,Tollet,Costa Rica,4/8/2023,814-503-6447,atolletn1@phpbb.com,5701,4/10/1941,830
Tabby,Klimek,China,9/15/2023,470-416-0541,tklimekn2@imageshack.us,9037,6/24/1996,831
Nanice,Sickert,Indonesia,2/7/2023,415-713-7549,nsickertn3@squarespace.com,691,1/2/2017,832
Arlina,Byers,Ukraine,10/26/2023,186-860-7110,abyersn4@usnews.com,4755,5/10/2022,833
Auroora,Pleass,Madagascar,9/15/2023,802-412-6153,apleassn5@nih.gov,538,9/25/2017,834
Hadria,Uc,Japan,6/13/2023,608-378-1847,hucn6@google.com.br,4465,10/8/1947,835
Mikkel,Ayliff,China,6/2/2023,836-195-0630,mayliffn7@facebook.com,7531,5/5/1985,836
Kristyn,Longina,Indonesia,11/25/2023,811-436-4954,klonginan8@digg.com,8820,4/7/2004,837
Janette,Dibley,China,5/31/2023,470-398-1170,jdibleyn9@theglobeandmail.com,6946,5/28/2015,838
Quentin,Inett,Iran,2/8/2023,221-473-4970,qinettna@mediafire.com,4093,5/18/1992,839
Godart,Phinnis,Ukraine,2/15/2023,722-289-5441,gphinnisnb@storify.com,111,10/14/1983,840
Aindrea,Pacquet,Canada,9/17/2023,203-779-1839,apacquetnc@stumbleupon.com,4746,4/28/1946,841
Lynnelle,Strettell,Philippines,6/19/2023,643-818-9419,lstrettellnd@cafepress.com,9320,1/30/2004,842
Lonnie,Paler,China,2/12/2023,974-354-0807,lpalerne@unc.edu,7230,1/1/1960,843
Alberik,Phythian,Japan,5/26/2023,760-386-9560,aphythiannf@soundcloud.com,1892,1/24/1943,844
Bowie,Gray,Venezuela,1/15/2023,235-480-1988,bgrayng@who.int,5972,6/8/2002,845
Edith,Kubatsch,Nigeria,2/11/2023,974-846-4747,ekubatschnh@microsoft.com,3839,11/24/1977,846
Emmery,Been,Indonesia,11/7/2023,890-105-5943,ebeenni@statcounter.com,1534,8/8/2000,847
Ruddy,Reace,Spain,2/18/2023,159-723-1693,rreacenj@jimdo.com,2021,9/20/1946,848
Durant,End,Brazil,4/9/2023,665-919-5938,dendnk@opensource.org,4636,8/31/2019,849
Florri,Beartup,Indonesia,6/9/2023,420-913-3644,fbeartupnl@vinaora.com,3509,1/18/2012,850
Rodolfo,Cratere,Portugal,11/26/2023,985-745-7861,rcraterenm@twitter.com,1256,5/16/1999,851
Kimball,MacClenan,Mexico,3/10/2023,454-935-1336,kmacclenannn@ocn.ne.jp,4355,2/22/1952,852
Ervin,Marchington,Czech Republic,12/9/2022,910-447-4757,emarchingtonno@go.com,7797,9/4/1999,853
Eddie,Currall,Malaysia,8/1/2023,815-912-8153,ecurrallnp@pagesperso-orange.fr,1728,10/15/1944,854
Ninnetta,Adhams,Sweden,10/7/2023,901-796-1861,nadhamsnq@soundcloud.com,9287,5/18/1996,855
Fanchon,Meckiff,Sweden,6/2/2023,313-759-1575,fmeckiffnr@so-net.ne.jp,5484,2/4/2001,856
Alfie,Burgill,Mexico,11/23/2023,139-172-1989,aburgillns@photobucket.com,7060,1/4/1975,857
Lorianne,Gallgher,Portugal,9/25/2023,783-888-5562,lgallghernt@blogger.com,5658,11/19/1980,858
Ange,Cotgrove,Yemen,6/17/2023,542-863-3693,acotgrovenu@who.int,9695,11/26/1999,859
Dexter,Champneys,China,3/3/2023,925-583-9440,dchampneysnv@newyorker.com,3205,1/3/1947,860
Pat,Whinney,United States,8/1/2023,513-223-7966,pwhinneynw@sina.com.cn,7149,3/15/1943,861
Beatrix,Scragg,Indonesia,1/6/2023,101-724-3754,bscraggnx@gnu.org,1232,8/16/2013,862
Hedvig,Robiou,Portugal,2/4/2023,513-804-4558,hrobiouny@imgur.com,5622,2/11/2016,863
Gabriel,Kernermann,Somalia,1/8/2023,724-700-5256,gkernermannnz@nih.gov,8441,10/21/1997,864
Glennie,Gover,Iran,2/2/2023,934-453-4511,ggovero0@zimbio.com,8759,2/1/2021,865
Reinaldos,Storton,China,2/18/2023,210-821-6221,rstortono1@godaddy.com,549,11/4/1962,866
Vernice,Drakes,Ukraine,10/10/2023,491-988-8203,vdrakeso2@bigcartel.com,8349,1/21/1988,867
Sissy,Elis,China,10/3/2023,176-605-4932,seliso3@soup.io,1179,4/26/2020,868
Tarrance,Gregh,Indonesia,11/4/2023,777-265-5900,tgregho4@goo.ne.jp,9787,10/13/1981,869
Amie,Twitty,China,12/22/2022,893-800-3872,atwittyo5@jimdo.com,9855,8/30/2002,870
Nataniel,Pendlenton,Russia,9/27/2023,449-354-2567,npendlentono6@washington.edu,8257,10/14/1994,871
Mufi,Warters,Mongolia,6/2/2023,818-150-1350,mwarterso7@redcross.org,3558,9/26/1956,872
Rooney,Mc Caughan,China,10/22/2023,220-128-9358,rmccaughano8@ycombinator.com,4231,1/9/1978,873
Diarmid,Shivell,Indonesia,1/2/2023,130-276-0597,dshivello9@tamu.edu,4589,6/9/1960,874
Salomone,Heard,Colombia,1/19/2023,988-271-7185,sheardoa@noaa.gov,6952,4/11/2021,875
Andrea,Martinovic,Laos,10/7/2023,778-245-1455,amartinovicob@nydailynews.com,3747,5/24/2004,876
Dominique,Purseglove,Thailand,5/25/2023,549-167-3936,dpursegloveoc@census.gov,5725,5/23/1965,877
Elsie,Marfell,China,12/31/2022,330-391-0831,emarfellod@tamu.edu,4640,6/30/2006,878
Lynna,Pennacci,Nigeria,8/11/2023,400-814-1931,lpennaccioe@myspace.com,5666,4/1/1991,879
Lindi,Valentin,Albania,1/18/2023,822-537-4632,lvalentinof@gnu.org,911,10/27/1979,880
Avis,Blowing,Japan,8/31/2023,352-604-2478,ablowingog@constantcontact.com,6648,7/31/1961,881
Curtis,Piniur,Indonesia,6/26/2023,412-171-4389,cpiniuroh@blogtalkradio.com,2329,6/19/1981,882
Johnathan,Lorek,Brazil,11/20/2023,219-710-9792,jlorekoi@squidoo.com,9208,2/4/1989,883
Moses,Doidge,Portugal,8/14/2023,954-465-4194,mdoidgeoj@phpbb.com,7611,12/25/1987,884
Chastity,Bentzen,China,11/13/2023,320-624-2355,cbentzenok@opera.com,7034,12/25/1972,885
Angeli,Kytley,Ukraine,5/11/2023,836-187-7106,akytleyol@google.com,3894,10/26/1950,886
Clay,Ropkes,Saudi Arabia,7/18/2023,410-475-8906,cropkesom@sourceforge.net,6161,4/29/1949,887
Tiler,Nelthorp,China,9/22/2023,470-867-2551,tnelthorpon@examiner.com,3402,1/1/1988,888
Chilton,Renneke,Tanzania,1/18/2023,484-601-2326,crennekeoo@ning.com,5361,11/25/2016,889
Hale,Levitt,Indonesia,5/5/2023,448-290-8681,hlevittop@skype.com,8193,12/19/1952,890
Olivier,Redshaw,Philippines,7/23/2023,880-711-7667,oredshawoq@constantcontact.com,2737,4/15/1951,891
Willetta,Begg,Canada,6/26/2023,297-498-1997,wbeggor@wisc.edu,5527,11/25/1951,892
Jarrad,Tottle,Peru,9/2/2023,451-788-4649,jtottleos@admin.ch,6860,9/29/1959,893
Kimmi,Caudelier,Philippines,7/1/2023,688-445-4142,kcaudelierot@hc360.com,9695,6/29/1971,894
Christen,Dedney,Poland,1/4/2023,802-231-9958,cdedneyou@soundcloud.com,9493,3/5/2011,895
Lian,Naulls,France,2/26/2023,799-781-9408,lnaullsov@yandex.ru,4995,11/25/1969,896
Clement,Lassetter,China,1/15/2023,186-377-1125,classetterow@sciencedaily.com,3845,2/17/1989,897
Leisha,Ferns,Egypt,9/21/2023,443-569-2078,lfernsox@google.nl,3418,9/22/2014,898
Sibyl,Deniseau,Costa Rica,4/12/2023,478-816-9265,sdeniseauoy@hud.gov,1537,8/18/2017,899
Dedra,Flowerden,Poland,3/10/2023,901-356-1709,dflowerdenoz@constantcontact.com,3716,7/29/2000,900
Dahlia,Neasham,Poland,8/24/2023,770-251-9774,dneashamp0@jiathis.com,7426,7/19/1962,901
Codie,Stroban,Czech Republic,9/4/2023,961-758-8473,cstrobanp1@youtube.com,2691,5/16/1993,902
Ad,Olcot,Russia,9/18/2023,489-186-8803,aolcotp2@constantcontact.com,8643,5/27/2023,903
Gardener,Chislett,Kyrgyzstan,8/19/2023,393-942-0754,gchislettp3@elegantthemes.com,7931,4/26/2006,904
Alidia,Abbott,Honduras,3/15/2023,954-630-0917,aabbottp4@weebly.com,6439,8/16/1974,905
Arvie,Whitington,China,4/4/2023,511-123-3482,awhitingtonp5@scientificamerican.com,8838,2/29/1960,906
Becka,Butt,Yemen,8/4/2023,480-169-4349,bbuttp6@princeton.edu,5648,12/6/1948,907
Ashlie,Dodridge,Philippines,5/13/2023,927-470-1285,adodridgep7@netvibes.com,8737,11/6/1961,908
Hetti,Danelut,Angola,8/28/2023,107-292-3090,hdanelutp8@jugem.jp,8496,12/1/1965,909
Yank,Duthie,China,4/21/2023,181-795-2662,yduthiep9@amazonaws.com,8581,7/25/1980,910
Izzy,Valeri,Bulgaria,9/30/2023,286-547-8116,ivaleripa@hostgator.com,3554,1/6/1952,911
Louie,Widdowson,Tanzania,2/27/2023,641-220-6239,lwiddowsonpb@army.mil,1155,11/7/1992,912
Roseanna,Mouget,Uganda,3/31/2023,350-835-2458,rmougetpc@columbia.edu,629,3/6/2010,913
Siana,Dudny,Indonesia,12/21/2022,278-168-3517,sdudnypd@dell.com,2166,12/4/1943,914
Sharai,Kanzler,Indonesia,12/27/2022,448-384-7790,skanzlerpe@usatoday.com,3337,2/13/2014,915
Celestine,Every,China,6/9/2023,255-987-0085,ceverypf@yolasite.com,9136,4/23/2012,916
Arlena,Baldery,China,3/22/2023,417-913-7412,abalderypg@ted.com,3636,7/4/1996,917
Stesha,McGuggy,China,8/15/2023,234-937-7038,smcguggyph@salon.com,2532,9/17/1977,918
Sigrid,Abbe,Tajikistan,3/29/2023,902-422-1866,sabbepi@amazonaws.com,6745,1/8/1981,919
Freeland,Glasspool,Brazil,2/27/2023,680-380-5033,fglasspoolpj@mlb.com,4437,7/28/1996,920
Marthena,Buckingham,China,11/26/2023,355-655-7346,mbuckinghampk@bluehost.com,3510,7/12/2005,921
Pebrook,Canham,China,7/13/2023,605-896-9547,pcanhampl@e-recht24.de,362,5/30/1950,922
Munmro,Robuchon,China,10/2/2023,186-465-2441,mrobuchonpm@auda.org.au,7911,6/15/1967,923
Gris,Marchand,Indonesia,5/22/2023,643-974-7130,gmarchandpn@japanpost.jp,2949,3/8/1953,924
Jody,McGirl,Japan,6/19/2023,950-879-3167,jmcgirlpo@craigslist.org,1556,9/4/1992,925
Cassandra,Marlon,Serbia,10/10/2023,231-740-3916,cmarlonpp@addtoany.com,4489,1/30/2021,926
Romeo,Isenor,Guatemala,6/8/2023,544-912-9709,risenorpq@fda.gov,1784,12/2/1987,927
Callean,Dimeloe,Indonesia,3/26/2023,765-230-5722,cdimeloepr@taobao.com,258,3/6/2007,928
Tod,Tuckwood,China,2/1/2023,870-248-8096,ttuckwoodps@e-recht24.de,1513,1/20/1981,929
Ferdy,Dohmann,China,4/23/2023,701-943-5672,fdohmannpt@addtoany.com,233,4/23/1978,930
Jemie,Flatte,Indonesia,11/25/2023,636-469-4449,jflattepu@furl.net,8933,6/20/1980,931
Benedicto,Hedger,Russia,8/29/2023,716-990-7874,bhedgerpv@ihg.com,7078,3/31/1946,932
Welsh,Gabrieli,Afghanistan,5/1/2023,948-627-0641,wgabrielipw@ft.com,4807,5/21/1989,933
Sander,Kupka,Indonesia,4/3/2023,564-919-5475,skupkapx@4shared.com,8941,3/13/1961,934
Doro,Yetts,Liberia,8/30/2023,787-753-5558,dyettspy@nymag.com,3408,11/14/1993,935
Hershel,Maddrell,Russia,6/5/2023,917-337-2474,hmaddrellpz@4shared.com,2286,2/11/1985,936
Hallie,Paff,China,10/7/2023,874-776-1826,hpaffq0@walmart.com,4862,10/13/1950,937
Rae,Lanigan,Poland,12/5/2022,953-722-2540,rlaniganq1@paginegialle.it,1362,2/23/2006,938
Melva,Hapke,Morocco,8/11/2023,281-780-3706,mhapkeq2@alexa.com,2734,6/23/1974,939
Beryl,Huxtable,Russia,7/21/2023,888-524-4762,bhuxtableq3@livejournal.com,7157,5/25/1943,940
Kania,Mifflin,Costa Rica,1/13/2023,203-596-0788,kmifflinq4@irs.gov,1995,4/8/1965,941
Chrissie,Le Provest,France,2/16/2023,779-418-8497,cleprovestq5@sbwire.com,7705,1/12/2006,942
Dora,Gulliman,Indonesia,7/27/2023,758-441-4056,dgullimanq6@pbs.org,8494,4/5/1963,943
Georgy,Grossier,South Africa,3/26/2023,661-699-6836,ggrossierq7@twitter.com,6734,5/30/1981,944
Fidole,Sirman,Peru,4/14/2023,181-685-4685,fsirmanq8@chicagotribune.com,9118,11/21/2011,945
Daveta,Girvin,Serbia,1/26/2023,618-845-5777,dgirvinq9@bloglines.com,7821,2/6/1964,946
Ulrick,Gianinotti,Belize,1/29/2023,600-828-5929,ugianinottiqa@stanford.edu,220,4/11/2004,947
Gerri,Packe,China,8/6/2023,831-308-1753,gpackeqb@va.gov,1734,4/9/1967,948
Stafani,Butterfint,Norway,9/13/2023,737-417-1166,sbutterfintqc@desdev.cn,2905,9/19/1958,949
Britt,Bim,Venezuela,10/22/2023,432-602-4714,bbimqd@apache.org,5841,12/25/2009,950
Verena,Foucar,China,11/4/2023,337-571-4906,vfoucarqe@ning.com,5042,4/18/1985,951
Randi,Lippitt,Chile,5/18/2023,322-485-1689,rlippittqf@washington.edu,1224,6/8/2012,952
Gallagher,O'Sculley,China,5/4/2023,614-501-4855,gosculleyqg@washington.edu,1987,2/1/1978,953
Yvonne,Fattorini,Russia,8/29/2023,405-393-0039,yfattoriniqh@163.com,9625,7/29/1963,954
Emmalee,Moralis,China,9/16/2023,787-519-8397,emoralisqi@quantcast.com,1545,11/19/1971,955
Sunny,Leyban,Indonesia,8/26/2023,184-867-4386,sleybanqj@lycos.com,1996,3/16/1999,956
Daisie,Gabbott,Poland,3/2/2023,601-761-5055,dgabbottqk@ameblo.jp,4280,4/3/1966,957
Vick,Smeeth,Brazil,12/18/2022,202-457-7460,vsmeethql@cyberchimps.com,2235,6/23/1982,958
Sigfried,Labusch,Czech Republic,12/3/2023,280-515-0879,slabuschqm@canalblog.com,4157,4/22/2005,959
Odey,Pezey,China,3/11/2023,247-495-3929,opezeyqn@addtoany.com,5694,12/20/1960,960
Killian,Atwill,El Salvador,6/15/2023,809-330-7734,katwillqo@sohu.com,3280,12/10/1993,961
Desi,Custard,Nicaragua,8/8/2023,626-157-9054,dcustardqp@epa.gov,2553,1/10/2017,962
Antonietta,Kiledal,United States,9/23/2023,305-838-2535,akiledalqq@weather.com,1878,6/16/2019,963
Olvan,Boshers,Brazil,2/3/2023,561-172-9992,oboshersqr@cbc.ca,8694,2/17/2016,964
Catlin,Barnett,Poland,1/22/2023,980-881-3106,cbarnettqs@plala.or.jp,8190,2/1/1977,965
Coriss,Cudde,Philippines,6/22/2023,642-508-9995,ccuddeqt@hostgator.com,3836,5/8/1962,966
Nadiya,Oakhill,Ukraine,5/29/2023,833-814-7796,noakhillqu@timesonline.co.uk,8383,12/6/1959,967
Zarah,Maber,Portugal,12/16/2022,274-617-0132,zmaberqv@samsung.com,2564,2/28/1965,968
Elfrieda,Seely,Indonesia,2/11/2023,470-297-9312,eseelyqw@dion.ne.jp,4813,3/16/1962,969
Kara,Tardiff,Serbia,3/14/2023,853-593-7469,ktardiffqx@wikia.com,1594,2/19/1991,970
Ethelda,Schops,Indonesia,5/6/2023,297-574-3082,eschopsqy@businessweek.com,6772,3/29/2015,971
Henrie,Odams,China,3/31/2023,170-384-4080,hodamsqz@friendfeed.com,7909,6/2/1969,972
Clyde,Leddie,France,1/27/2023,416-693-2955,cleddier0@amazon.de,583,9/24/1950,973
Mair,Tappin,France,5/14/2023,536-412-7718,mtappinr1@zdnet.com,9747,9/15/1943,974
Uriah,Friberg,Indonesia,12/21/2022,780-645-5882,ufribergr2@hatena.ne.jp,7384,11/24/1945,975
Jeremiah,Grossier,Slovenia,10/11/2023,655-226-7125,jgrossierr3@is.gd,803,12/6/2017,976
Jannelle,Terris,Austria,11/22/2023,460-403-4815,jterrisr4@ovh.net,8215,8/10/1997,977
Rafaelita,Gemeau,France,2/4/2023,392-772-4129,rgemeaur5@privacy.gov.au,2968,7/4/1999,978
Lizzie,Kinzett,Czech Republic,2/4/2023,600-370-2919,lkinzettr6@patch.com,2149,8/22/1999,979
Percival,Tatters,Russia,11/13/2023,988-738-9621,ptattersr7@ucla.edu,5223,9/28/1959,980
Gabriel,Babon,Japan,11/13/2023,146-413-2205,gbabonr8@amazonaws.com,505,1/31/1946,981
Barde,Wetherburn,China,9/29/2023,651-957-2364,bwetherburnr9@usatoday.com,534,9/29/1973,982
Olva,Treadaway,Brazil,5/3/2023,353-179-4252,otreadawayra@drupal.org,749,10/17/2022,983
Sandi,Feldbrin,Indonesia,4/18/2023,356-137-7822,sfeldbrinrb@macromedia.com,4406,4/27/1961,984
Udale,Tranter,China,5/19/2023,504-573-9170,utranterrc@mapquest.com,4536,12/20/1964,985
Terrie,Linsley,United States,8/11/2023,727-773-7986,tlinsleyrd@reuters.com,4706,10/30/1954,986
Davidde,Snibson,France,2/13/2023,579-257-5666,dsnibsonre@icio.us,1607,5/14/2001,987
Carry,Sloss,Ecuador,5/26/2023,573-339-2832,cslossrf@goo.gl,320,11/18/1992,988
Christoffer,Baterip,Russia,4/13/2023,797-323-6981,cbateriprg@tmall.com,5513,5/23/1945,989
Cory,Ashingden,Sri Lanka,9/15/2023,557-587-2012,cashingdenrh@ucoz.ru,9547,9/21/1963,990
Harrietta,Bompass,Poland,3/1/2023,687-459-0644,hbompassri@economist.com,6186,4/28/1979,991
Laney,Fern,Indonesia,1/23/2023,567-597-6213,lfernrj@buzzfeed.com,2574,9/17/1980,992
Dal,O'Neil,China,2/27/2023,445-263-2316,doneilrk@icq.com,8196,8/2/1995,993
Valery,Witherbed,Indonesia,2/6/2023,396-800-7347,vwitherbedrl@virginia.edu,8177,3/14/1975,994
Thea,Pfaffe,Bangladesh,1/28/2023,279-180-9027,tpfafferm@ezinearticles.com,4296,11/2/1971,995
Cristionna,Lyngsted,Indonesia,3/29/2023,746-666-5339,clyngstedrn@posterous.com,4263,10/28/2012,996
Averyl,Biddlestone,Spain,11/15/2023,691-795-6028,abiddlestonero@list-manage.com,5256,10/27/1961,997
Brucie,Nurcombe,Kazakhstan,3/13/2023,700-691-9662,bnurcomberp@nps.gov,4277,4/15/1976,998
Chance,Malim,United States,11/11/2023,609-541-7483,cmalimrq@paypal.com,119,2/27/1999,999
Penny,Southgate,Philippines,10/8/2023,574-649-7923,psouthgaterr@google.pl,5112,7/19/2015,1000
