researcherID,institution,dateUsed,dateJoined,contactFirstName,contactLastName,contactPhone,contactEmail
1,Global Research Consortium,2023-09-26,2023-08-10,Junie,Pioch,518-709-0440,jpioch0@instagram.com
2,Global Research Consortium,2023-01-15,2023-11-04,Justen,Wickrath,292-201-9214,jwickrath1@google.ca
3,Global Research Consortium,2023-08-05,2023-06-08,Silvester,Dyott,895-657-7764,sdyott2@drupal.org
4,Scientific Research Council,2023-01-28,2023-06-08,Nelly,Domengue,972-605-9456,ndomengue3@redcross.org
5,National Research Institute,2023-07-10,2023-08-07,Richmound,Cansdall,179-209-5334,rcansdall4@mashable.com
6,Technology and Innovation Lab,2023-04-25,2023-09-04,Meara,Medford,305-695-4173,mmedford5@tiny.cc
7,Global Research Consortium,2023-11-18,2023-03-05,Lindie,Binnall,197-143-4510,lbinnall6@dailymail.co.uk
8,International Research Foundation,2023-10-03,2023-06-28,Sapphire,Chew,738-164-6376,schew7@ca.gov
9,National Research Institute,2023-03-04,2023-05-11,Karole,Marti,572-682-5621,kmarti8@nbcnews.com
10,Technology and Innovation Lab,2023-10-20,2023-07-18,Ninette,MacKeig,746-877-7064,nmackeig9@whitehouse.gov
11,National Research Institute,2022-12-06,2023-09-10,Shay,Simonitto,496-376-5947,ssimonittoa@dailymail.co.uk
12,Global Research Consortium,2023-11-17,2023-01-19,Goldi,Roskams,819-777-2687,groskamsb@ibm.com
13,University of Science and Technology,2023-01-05,2023-10-27,Jorge,Scrivin,586-783-0015,jscrivinc@tuttocitta.it
14,Academic Research Center,2023-09-27,2023-03-01,Lynea,Flemyng,398-717-5980,lflemyngd@scribd.com
15,Technology and Innovation Lab,2023-06-22,2023-12-04,Melanie,Rigney,755-425-7168,mrigneye@disqus.com
16,Institute of Advanced Studies,2023-07-05,2023-06-17,Pasquale,Rodie,254-164-9793,prodief@oakley.com
17,Technology and Innovation Lab,2023-06-10,2022-12-07,Sayer,Baccas,710-171-9572,sbaccasg@answers.com
18,Global Research Consortium,2023-04-01,2023-05-11,Bucky,Stiell,768-757-0956,bstiellh@accuweather.com
19,Center for Research and Development,2023-06-07,2023-08-08,Orson,Blackey,985-341-6788,oblackeyi@icio.us
20,Center for Research and Development,2023-10-25,2023-05-02,Lauretta,Henrie,796-680-2356,lhenriej@ifeng.com
21,Scientific Research Council,2023-01-31,2023-03-03,Zebedee,Dickon,332-238-5981,zdickonk@cpanel.net
22,Scientific Research Council,2023-02-15,2023-07-22,Rhiamon,Sheasby,167-455-3858,rsheasbyl@google.com
23,Technology and Innovation Lab,2023-09-21,2023-10-10,Ruprecht,Croxley,725-887-8330,rcroxleym@independent.co.uk
24,Institute of Advanced Studies,2022-12-21,2023-06-18,Lutero,Bhatia,227-177-3144,lbhatian@ow.ly
25,Scientific Research Council,2023-09-25,2023-05-11,Bambie,Windless,327-295-7335,bwindlesso@accuweather.com
26,Technology and Innovation Lab,2023-02-16,2023-03-24,Averil,Pettyfer,535-135-3586,apettyferp@globo.com
27,Center for Research and Development,2023-06-17,2023-09-21,Garwin,Steddall,615-646-3419,gsteddallq@weibo.com
28,Academic Research Center,2023-09-10,2023-03-20,Tito,Ivatts,910-928-9873,tivattsr@imdb.com
29,International Research Foundation,2023-02-13,2023-12-05,Corinne,Drains,659-889-6507,cdrainss@sogou.com
30,Technology and Innovation Lab,2023-10-25,2023-08-24,Ado,Windle,801-682-7458,awindlet@dot.gov
31,Academic Research Center,2023-08-09,2023-04-05,Flin,Goard,646-150-4512,fgoardu@jiathis.com
32,Scientific Research Council,2023-09-16,2023-09-06,Karyl,Morrowe,749-267-4504,kmorrowev@patch.com
33,Global Research Consortium,2023-05-16,2023-05-17,Marj,Blaver,773-827-3680,mblaverw@newyorker.com
34,University of Science and Technology,2023-08-28,2023-06-03,Killy,Mortimer,569-558-9583,kmortimerx@dailymotion.com
35,Institute of Advanced Studies,2023-07-16,2023-11-09,Sharity,Jakobsson,312-106-8749,sjakobssony@privacy.gov.au
36,University of Science and Technology,2023-04-21,2023-09-14,Foss,Getch,183-277-4532,fgetchz@mail.ru
37,National Research Institute,2023-02-17,2023-07-04,Ryon,Laverenz,381-574-3493,rlaverenz10@umich.edu
38,International Research Foundation,2023-03-09,2023-10-18,Ferrel,Adran,285-336-0530,fadran11@icq.com
39,Global Research Consortium,2022-12-21,2023-06-21,Andeee,Oldacres,179-248-8248,aoldacres12@1688.com
40,Scientific Research Council,2023-09-17,2022-12-20,Sibeal,Billington,551-155-3051,sbillington13@blogtalkradio.com
41,Academic Research Center,2023-08-16,2023-01-23,Audry,Cawker,253-283-2422,acawker14@toplist.cz
42,Technology and Innovation Lab,2023-06-18,2023-07-12,Rodolphe,Sartin,149-125-8092,rsartin15@tumblr.com
43,National Research Institute,2023-10-06,2023-12-07,Erna,Beahan,261-261-4113,ebeahan16@netvibes.com
44,Technology and Innovation Lab,2023-04-11,2023-04-15,Lothario,Tripcony,422-324-6874,ltripcony17@google.com.au
45,Institute of Advanced Studies,2023-05-15,2023-06-16,Ban,Abercrombie,634-839-5399,babercrombie18@flickr.com
46,Academic Research Center,2023-06-14,2023-06-25,Massimiliano,Dresse,376-987-9137,mdresse19@paypal.com
47,Global Research Consortium,2023-04-22,2023-06-02,Willie,Mussolini,547-544-7839,wmussolini1a@elpais.com
48,Innovation and Technology Institute,2023-04-24,2023-07-16,Jacob,Libbis,194-444-6828,jlibbis1b@mit.edu
49,Innovation and Technology Institute,2023-01-30,2023-01-10,Antonius,Danslow,864-963-6771,adanslow1c@studiopress.com
50,Technology and Innovation Lab,2023-10-09,2023-09-01,Gillie,Linggood,361-762-8691,glinggood1d@google.com.hk
51,International Research Foundation,2023-11-18,2023-04-25,Brittani,Dedney,134-637-5919,bdedney1e@va.gov
52,Institute of Advanced Studies,2023-03-10,2023-08-25,Niven,Roja,933-523-1736,nroja1f@cnn.com
53,Center for Research and Development,2023-03-19,2023-04-23,Rosella,Poyser,884-702-2576,rpoyser1g@biblegateway.com
54,Technology and Innovation Lab,2023-03-06,2023-03-19,Sella,Boanas,204-183-7001,sboanas1h@bandcamp.com
55,Institute of Advanced Studies,2023-10-21,2023-02-24,Adolph,Tuffell,964-186-7663,atuffell1i@vinaora.com
56,Center for Research and Development,2023-06-24,2023-09-01,Miguelita,Portail,334-761-3563,mportail1j@istockphoto.com
57,Academic Research Center,2023-01-26,2023-01-30,Andree,Rowlatt,527-439-1251,arowlatt1k@ucsd.edu
58,Global Research Consortium,2023-11-13,2023-11-16,Theresina,Trett,968-314-2863,ttrett1l@gov.uk
59,International Research Foundation,2023-05-21,2023-08-04,Hatti,Praton,336-799-4234,hpraton1m@examiner.com
60,International Research Foundation,2023-01-13,2023-01-26,Prentiss,Dellenbroker,609-534-3153,pdellenbroker1n@patch.com
61,National Research Institute,2023-06-18,2023-10-18,Tobias,Krop,820-203-4541,tkrop1o@indiegogo.com
62,National Research Institute,2023-07-11,2023-09-01,Debby,Laugharne,578-355-3254,dlaugharne1p@aboutads.info
63,Innovation and Technology Institute,2023-04-29,2023-02-26,Mordecai,Foulks,640-409-8946,mfoulks1q@businesswire.com
64,Academic Research Center,2023-01-07,2023-06-20,Codie,Oswald,706-100-7040,coswald1r@slate.com
65,Technology and Innovation Lab,2023-05-05,2023-06-01,Amory,MacGiffin,327-953-9601,amacgiffin1s@tripod.com
66,University of Science and Technology,2023-10-14,2023-11-05,Orsa,Freear,954-650-7989,ofreear1t@google.pl
67,Technology and Innovation Lab,2023-01-01,2023-11-04,Ange,O'Skehan,118-267-1834,aoskehan1u@mediafire.com
68,Global Research Consortium,2023-09-18,2023-01-18,Consalve,Maddin,789-868-5768,cmaddin1v@php.net
69,Innovation and Technology Institute,2023-04-03,2023-08-13,Ronnie,Mounch,413-726-9907,rmounch1w@sfgate.com
70,National Research Institute,2023-09-05,2023-11-25,Corabel,Winspear,221-574-0509,cwinspear1x@rediff.com
71,University of Science and Technology,2023-08-14,2022-12-30,Tonia,Worts,118-290-9158,tworts1y@trellian.com
72,Innovation and Technology Institute,2023-01-11,2023-03-25,Orsola,Pereira,792-433-1493,opereira1z@aboutads.info
73,Scientific Research Council,2023-02-05,2023-11-22,Morganne,Bonsey,273-998-8897,mbonsey20@etsy.com
74,International Research Foundation,2023-01-31,2023-04-05,Ignaz,De Bruijne,397-480-8941,idebruijne21@simplemachines.org
75,University of Science and Technology,2023-02-05,2023-10-28,Trumaine,Pottberry,452-707-8759,tpottberry22@dailymail.co.uk
76,Academic Research Center,2023-08-07,2023-11-05,Arlin,Bellas,111-546-1756,abellas23@1688.com
77,Scientific Research Council,2023-11-11,2023-09-15,Wynnie,Copin,893-226-5439,wcopin24@cbc.ca
78,National Research Institute,2023-02-15,2023-01-09,Trevor,Jerok,573-334-6451,tjerok25@state.gov
79,Innovation and Technology Institute,2023-06-08,2023-04-21,Jerrold,Scading,451-464-2735,jscading26@walmart.com
80,Global Research Consortium,2023-05-12,2022-12-08,Burke,Greed,498-489-2151,bgreed27@nbcnews.com
81,Center for Research and Development,2023-08-28,2023-01-16,Brenden,Dimbylow,179-570-4850,bdimbylow28@friendfeed.com
82,International Research Foundation,2023-01-07,2023-11-03,Linus,Smalles,497-540-9873,lsmalles29@zimbio.com
83,International Research Foundation,2023-01-31,2023-10-23,Megan,Tissington,894-249-7382,mtissington2a@sciencedirect.com
84,National Research Institute,2023-09-18,2023-11-22,Katalin,Le Breton,225-954-9727,klebreton2b@newyorker.com
85,International Research Foundation,2023-06-01,2022-12-11,Killie,Plimmer,378-184-0658,kplimmer2c@pinterest.com
86,National Research Institute,2023-05-25,2023-02-09,Hetty,Shevlin,665-665-9889,hshevlin2d@sciencedaily.com
87,Center for Research and Development,2023-03-14,2023-07-10,Trina,Sollas,640-747-3829,tsollas2e@boston.com
88,Innovation and Technology Institute,2022-12-31,2023-02-16,Phaidra,Hulles,997-395-0606,phulles2f@surveymonkey.com
89,National Research Institute,2022-12-04,2023-03-11,Saunders,MacPadene,117-853-1400,smacpadene2g@sogou.com
90,Innovation and Technology Institute,2023-05-31,2023-03-16,Bink,Pidler,997-735-0419,bpidler2h@earthlink.net
91,University of Science and Technology,2023-06-03,2023-02-18,Gusella,Sidey,528-157-7790,gsidey2i@timesonline.co.uk
92,National Research Institute,2022-12-29,2023-11-08,Cello,Long,588-539-4522,clong2j@epa.gov
93,Scientific Research Council,2023-02-02,2022-12-11,Terrye,Naulty,373-951-7472,tnaulty2k@foxnews.com
94,Academic Research Center,2023-05-10,2023-04-04,Rosmunda,Kingston,816-673-4679,rkingston2l@ca.gov
95,Innovation and Technology Institute,2023-05-25,2023-11-14,Meridith,Thomen,610-653-2216,mthomen2m@seattletimes.com
96,Innovation and Technology Institute,2023-04-06,2023-05-10,Meghan,Baudinet,482-942-2573,mbaudinet2n@unc.edu
97,Technology and Innovation Lab,2023-10-19,2023-08-09,Elliott,Neathway,587-490-9244,eneathway2o@gravatar.com
98,Academic Research Center,2023-03-31,2023-05-18,Lin,Giaomozzo,503-965-6843,lgiaomozzo2p@mlb.com
99,Scientific Research Council,2023-06-23,2023-09-03,Micheil,Swiffan,828-196-9559,mswiffan2q@goodreads.com
100,Technology and Innovation Lab,2023-08-22,2023-07-29,Genni,Bentham3,478-614-3505,gbentham2r@digg.com
