researcherID,institution,dateUsed,dateJoined,contactFirstName,contactLastName,contactPhone,contactEmail
1,International Research Foundation,10/22/2023,8/15/2023,Wye,Kalberer,617-661-2749,wkalberer0@taobao.com
2,Global Research Consortium,9/23/2023,1/22/2023,Tobe,Medhurst,610-332-1228,tmedhurst1@mapquest.com
3,National Research Institute,4/4/2023,3/19/2023,Nicko,Prestige,407-587-2267,nprestige2@hubpages.com
4,Scientific Research Council,5/16/2023,6/23/2023,Galina,Stroulger,235-650-4773,gstroulger3@statcounter.com
5,Institute of Advanced Studies,8/9/2023,8/1/2023,Letty,Eldrett,991-615-4797,leldrett4@instagram.com
6,International Research Foundation,10/30/2023,12/26/2022,Mamie,Elvidge,850-255-9026,melvidge5@barnesandnoble.com
7,Center for Research and Development,12/7/2022,4/8/2023,Fransisco,Buglar,185-136-4875,fbuglar6@eepurl.com
8,Academic Research Center,7/11/2023,7/20/2023,Pearla,Rheaume,913-952-0536,prheaume7@fema.gov
9,International Research Foundation,2/14/2023,7/10/2023,Sherwood,Bradforth,392-610-1632,sbradforth8@comsenz.com
10,International Research Foundation,7/22/2023,12/27/2022,Billy,Meakes,521-311-0536,bmeakes9@livejournal.com
11,Global Research Consortium,7/30/2023,6/21/2023,Richy,Degenhardt,778-311-8030,rdegenhardta@washingtonpost.com
12,University of Science and Technology,12/2/2023,5/20/2023,Guthry,Furley,457-789-1646,gfurleyb@accuweather.com
13,Global Research Consortium,11/15/2023,10/18/2023,King,Hoys,251-616-7670,khoysc@drupal.org
14,Center for Research and Development,5/28/2023,10/27/2023,Fields,Androsik,986-331-0479,fandrosikd@smh.com.au
15,International Research Foundation,12/17/2022,9/30/2023,Maynord,Bruneton,574-238-3463,mbrunetone@telegraph.co.uk
16,Scientific Research Council,2/25/2023,6/17/2023,Cati,Doley,429-444-9827,cdoleyf@businessinsider.com
17,Institute of Advanced Studies,11/5/2023,1/5/2023,Brocky,Kubis,930-480-5574,bkubisg@amazon.de
18,Institute of Advanced Studies,3/8/2023,6/8/2023,Heddi,Slide,143-688-6310,hslideh@histats.com
19,Institute of Advanced Studies,5/2/2023,6/5/2023,Charmian,Burwood,286-627-7252,cburwoodi@marketwatch.com
20,National Research Institute,7/21/2023,8/29/2023,Karon,Antrack,991-793-1383,kantrackj@multiply.com
21,Technology and Innovation Lab,12/16/2022,2/16/2023,Sophia,Molineux,690-347-8990,smolineuxk@narod.ru
22,University of Science and Technology,11/22/2023,11/13/2023,Kristina,Ojeda,599-818-7760,kojedal@geocities.com
23,Center for Research and Development,9/13/2023,11/30/2023,Sande,Lewisham,990-617-3245,slewishamm@fastcompany.com
24,International Research Foundation,11/14/2023,3/30/2023,Gabrila,Yankov,954-769-2010,gyankovn@etsy.com
25,Institute of Advanced Studies,7/23/2023,11/9/2023,Anthia,Stockow,508-103-9719,astockowo@ucoz.ru
26,Innovation and Technology Institute,1/21/2023,5/23/2023,Joanna,Byrkmyr,169-745-4776,jbyrkmyrp@artisteer.com
27,Global Research Consortium,10/8/2023,4/27/2023,Willey,Casarili,647-127-8433,wcasariliq@cbslocal.com
28,Innovation and Technology Institute,1/21/2023,9/26/2023,Efren,Rosenshine,985-761-8853,erosenshiner@cargocollective.com
29,Institute of Advanced Studies,7/1/2023,5/28/2023,Ardelia,Pea,336-901-2932,apeas@businessweek.com
30,Innovation and Technology Institute,7/3/2023,1/8/2023,Gabrila,Drewett,725-164-4961,gdrewettt@soup.io
31,Innovation and Technology Institute,3/10/2023,9/16/2023,Herold,Stetlye,999-755-0960,hstetlyeu@over-blog.com
32,International Research Foundation,9/8/2023,6/10/2023,Caren,Bosch,273-882-2188,cboschv@geocities.jp
33,University of Science and Technology,10/15/2023,2/6/2023,Bertrando,O'Hear,276-587-3844,bohearw@plala.or.jp
34,University of Science and Technology,3/21/2023,12/11/2022,Mara,Race,671-660-2223,mracex@soup.io
35,Academic Research Center,7/13/2023,7/4/2023,Wilfrid,Feeney,636-181-1943,wfeeneyy@booking.com
36,University of Science and Technology,10/8/2023,12/3/2023,Niki,Chatainier,678-653-0696,nchatainierz@angelfire.com
37,Academic Research Center,2/16/2023,8/24/2023,Scot,Hucquart,125-161-4331,shucquart10@ihg.com
38,International Research Foundation,5/28/2023,4/6/2023,Vivi,Dullingham,113-584-3756,vdullingham11@wunderground.com
39,Institute of Advanced Studies,6/14/2023,8/2/2023,Tiler,Pardal,463-944-1107,tpardal12@ustream.tv
40,Global Research Consortium,4/13/2023,7/13/2023,Tremayne,Sexten,621-217-9462,tsexten13@admin.ch
41,Global Research Consortium,1/30/2023,7/20/2023,Orella,Prater,635-615-5320,oprater14@dropbox.com
42,Global Research Consortium,12/17/2022,1/22/2023,Marybeth,Rothon,849-129-0464,mrothon15@skyrock.com
43,Scientific Research Council,6/24/2023,3/1/2023,Barbe,Caisley,659-480-4497,bcaisley16@csmonitor.com
44,University of Science and Technology,5/20/2023,11/4/2023,Les,Klaes,932-599-8956,lklaes17@ovh.net
45,Technology and Innovation Lab,10/4/2023,9/20/2023,Joycelin,Goulbourne,866-100-1271,jgoulbourne18@reuters.com
46,Center for Research and Development,10/21/2023,2/10/2023,Kalinda,Alldritt,571-242-4780,kalldritt19@mac.com
47,Technology and Innovation Lab,1/16/2023,2/9/2023,Alonzo,Sutlieff,161-300-3908,asutlieff1a@mlb.com
48,Scientific Research Council,10/21/2023,5/29/2023,Lacy,Trodler,443-242-1521,ltrodler1b@time.com
49,Institute of Advanced Studies,9/21/2023,3/27/2023,Illa,Bortolozzi,782-303-1721,ibortolozzi1c@craigslist.org
50,Center for Research and Development,4/27/2023,6/11/2023,Kort,Andriuzzi,947-984-4504,kandriuzzi1d@bbc.co.uk
51,Center for Research and Development,1/13/2023,3/23/2023,Myrtle,Glackin,624-141-2593,mglackin1e@ask.com
52,Institute of Advanced Studies,7/13/2023,5/1/2023,Brennan,Fontin,407-263-0989,bfontin1f@yandex.ru
53,Institute of Advanced Studies,12/8/2022,5/28/2023,Dene,Gotts,548-693-8205,dgotts1g@cpanel.net
54,University of Science and Technology,6/10/2023,5/1/2023,Torrin,Krug,857-429-7050,tkrug1h@creativecommons.org
55,Technology and Innovation Lab,6/4/2023,12/7/2023,Roxie,Teaz,287-530-7162,rteaz1i@dot.gov
56,Academic Research Center,9/29/2023,4/7/2023,Delano,Kelloch,703-365-5409,dkelloch1j@google.nl
57,Innovation and Technology Institute,7/26/2023,7/25/2023,Fancy,Zoanetti,207-807-5505,fzoanetti1k@fda.gov
58,Academic Research Center,2/26/2023,11/13/2023,Nerti,Sanham,294-842-2368,nsanham1l@prlog.org
59,National Research Institute,12/12/2022,1/10/2023,Tiff,Tillard,316-557-8561,ttillard1m@time.com
60,Global Research Consortium,1/25/2023,7/4/2023,Min,Attwooll,903-714-9718,mattwooll1n@wikia.com
61,International Research Foundation,11/5/2023,11/11/2023,Tommi,Pearl,291-273-5197,tpearl1o@csmonitor.com
62,Institute of Advanced Studies,12/5/2023,10/10/2023,Wilfrid,Capon,642-804-4144,wcapon1p@google.fr
63,Center for Research and Development,3/9/2023,10/16/2023,Hasty,Staggs,661-236-4481,hstaggs1q@marketwatch.com
64,University of Science and Technology,6/24/2023,5/20/2023,Dasie,Itzak,386-245-5235,ditzak1r@google.co.uk
65,National Research Institute,11/14/2023,2/4/2023,Margaretta,Tomisch,541-230-8237,mtomisch1s@networksolutions.com
66,National Research Institute,1/1/2023,4/24/2023,Ursa,Slowgrave,837-472-3712,uslowgrave1t@cnbc.com
67,Global Research Consortium,6/1/2023,7/20/2023,Boy,Rodrigo,336-888-1365,brodrigo1u@pagesperso-orange.fr
68,National Research Institute,5/2/2023,7/2/2023,Shelagh,Lidbetter,960-706-7096,slidbetter1v@devhub.com
69,Academic Research Center,10/20/2023,5/11/2023,Constantino,Moroney,648-307-9188,cmoroney1w@shutterfly.com
70,Center for Research and Development,8/30/2023,8/16/2023,Eduino,Burgne,737-914-9608,eburgne1x@who.int
71,University of Science and Technology,1/27/2023,11/10/2023,York,Gardner,744-367-1328,ygardner1y@angelfire.com
72,Center for Research and Development,1/29/2023,11/5/2023,Colan,Leech,269-620-1317,cleech1z@cpanel.net
73,Academic Research Center,3/30/2023,12/4/2022,Roselle,Ilyenko,257-626-9313,rilyenko20@diigo.com
74,National Research Institute,7/20/2023,8/21/2023,Ki,Mussard,909-997-9587,kmussard21@deliciousdays.com
75,Institute of Advanced Studies,5/21/2023,3/12/2023,Laverna,Brugh,371-491-1910,lbrugh22@disqus.com
76,Scientific Research Council,6/25/2023,9/17/2023,Reagan,Arp,495-736-6213,rarp23@ameblo.jp
77,Innovation and Technology Institute,6/4/2023,4/7/2023,Dulci,Dybell,500-105-4596,ddybell24@cafepress.com
78,Innovation and Technology Institute,1/16/2023,10/4/2023,Antoni,Habbin,618-959-5873,ahabbin25@ucsd.edu
79,International Research Foundation,7/15/2023,2/14/2023,Ellery,Ortler,730-742-3033,eortler26@google.de
80,Institute of Advanced Studies,9/28/2023,12/13/2022,Lyndy,Ditch,911-510-4374,lditch27@yahoo.com
81,Center for Research and Development,6/11/2023,6/3/2023,Aleta,Moff,129-601-4523,amoff28@archive.org
82,University of Science and Technology,1/22/2023,4/24/2023,Luther,Kleinholz,256-972-3564,lkleinholz29@bizjournals.com
83,Academic Research Center,5/12/2023,8/14/2023,Penny,McGrale,657-425-1298,pmcgrale2a@nsw.gov.au
84,International Research Foundation,9/6/2023,4/7/2023,Karrah,Bernolet,516-208-4137,kbernolet2b@cocolog-nifty.com
85,International Research Foundation,10/19/2023,10/3/2023,Sigismond,Peteri,652-695-4541,speteri2c@clickbank.net
86,Scientific Research Council,12/6/2022,7/16/2023,Gilberte,Feek,917-829-1440,gfeek2d@icio.us
87,Technology and Innovation Lab,5/28/2023,1/4/2023,Hannis,Grosier,861-502-8216,hgrosier2e@netscape.com
88,National Research Institute,4/2/2023,6/30/2023,Anette,Coviello,830-755-6276,acoviello2f@bravesites.com
89,Innovation and Technology Institute,12/5/2022,7/2/2023,Merry,Fillingham,664-555-3220,mfillingham2g@smh.com.au
90,Scientific Research Council,5/25/2023,12/13/2022,Sidonia,Statton,305-215-6541,sstatton2h@naver.com
91,Technology and Innovation Lab,11/25/2023,3/1/2023,Alyss,Gerhold,628-201-4461,agerhold2i@yellowpages.com
92,University of Science and Technology,8/9/2023,6/6/2023,Arty,Shackesby,419-273-8187,ashackesby2j@census.gov
93,Global Research Consortium,8/31/2023,12/5/2022,Tisha,Mulvagh,127-670-5644,tmulvagh2k@vistaprint.com
94,Innovation and Technology Institute,6/19/2023,6/19/2023,Kit,Tupp,471-950-1088,ktupp2l@yellowbook.com
95,University of Science and Technology,5/14/2023,2/4/2023,Matty,Shawley,116-775-7333,mshawley2m@va.gov
96,Innovation and Technology Institute,12/16/2022,10/2/2023,Lammond,Peirce,122-173-8387,lpeirce2n@state.tx.us
97,Institute of Advanced Studies,10/30/2023,11/22/2023,Deny,Elwell,993-887-1434,delwell2o@barnesandnoble.com
98,University of Science and Technology,6/29/2023,2/11/2023,Flori,Vanichkov,420-571-6685,fvanichkov2p@oaic.gov.au
99,Center for Research and Development,1/12/2023,3/19/2023,Theobald,Shipston,978-293-9261,tshipston2q@nsw.gov.au
100,University of Science and Technology,3/18/2023,4/12/2023,Jory,Paulsson,769-573-0401,jpaulsson2r@comcast.net
