username,firstName,lastName,country,dateJoined,phone,email,dateOfBirth
nmauger0,Nathalia,Mauger,China,1/22/2023,472-532-2348,nmauger0@cdbaby.com,5/3/1971
nmichelmore1,Noak,Michelmore,Japan,6/5/2023,651-139-9622,nmichelmore1@apple.com,5/19/1971
sbracer2,Shaylynn,Bracer,Poland,6/14/2023,625-167-2359,sbracer2@weebly.com,12/9/1975
jfearney3,Jacklin,Fearney,Poland,10/28/2023,120-775-9212,jfearney3@kickstarter.com,11/13/2003
kebrall4,Kayley,Ebrall,Equatorial Guinea,9/19/2023,495-483-9771,kebrall4@pcworld.com,2/24/1951
iellsom5,Ignaz,Ellsom,China,6/28/2023,655-813-2783,iellsom5@dion.ne.jp,11/3/1944
kmathen6,Kelby,Mathen,China,10/19/2023,844-300-2155,kmathen6@deviantart.com,4/7/1965
mkobierski7,Malinde,Kobierski,Indonesia,2/6/2023,642-792-6963,mkobierski7@biglobe.ne.jp,1/11/1945
mstaveley8,Marcos,Staveley,Serbia,9/28/2023,303-310-1983,mstaveley8@nih.gov,10/7/1980
rmounsey9,Rayner,Mounsey,Angola,12/7/2022,465-396-6890,rmounsey9@vinaora.com,7/5/1965
rmcevona,Rockey,McEvon,Russia,12/19/2022,110-837-3405,rmcevona@jalbum.net,10/4/1957
nmaccookb,Nikki,MacCook,China,12/21/2022,364-774-0526,nmaccookb@google.com.au,10/12/2009
cjeffersc,Chucho,Jeffers,China,2/2/2023,169-684-2852,cjeffersc@scribd.com,2/24/2016
eflawsd,Eba,Flaws,Ecuador,8/5/2023,616-345-8221,eflawsd@springer.com,4/4/1961
zwadlye,Zacharia,Wadly,Japan,12/16/2022,272-175-9944,zwadlye@seesaa.net,6/25/1949
icumpstyf,Indira,Cumpsty,China,2/8/2023,682-768-5304,icumpstyf@opera.com,8/10/1998
egowg,Elianora,Gow,Nigeria,3/14/2023,906-147-0784,egowg@imageshack.us,5/13/1954
efarryh,Elfrieda,Farry,Portugal,10/9/2023,216-881-2642,efarryh@examiner.com,4/4/1943
yharfletei,Yasmin,Harflete,China,8/27/2023,339-618-8014,yharfletei@time.com,5/17/1972
acharlestonj,Ayn,Charleston,China,3/14/2023,193-580-3943,acharlestonj@pen.io,7/9/1948
bpellantk,Betty,Pellant,South Sudan,2/21/2023,219-760-4359,bpellantk@independent.co.uk,9/10/1957
aeltl,Alison,Elt,Panama,7/1/2023,129-951-4574,aeltl@tinypic.com,2/19/2013
nstampm,Niven,Stamp,China,5/6/2023,546-235-7686,nstampm@fc2.com,8/19/1995
dgreirn,Dmitri,Greir,China,12/27/2022,871-561-1456,dgreirn@tumblr.com,6/6/2018
jfarbraceo,Janie,Farbrace,China,7/29/2023,592-467-4366,jfarbraceo@icio.us,12/24/1985
smcgrowtherp,Saidee,McGrowther,Sweden,8/24/2023,913-694-4063,smcgrowtherp@irs.gov,1/9/1996
tsouzaq,Thaddeus,Souza,China,3/1/2023,746-311-7354,tsouzaq@theguardian.com,4/15/1973
banchorr,Basilius,Anchor,Afghanistan,4/25/2023,415-113-7598,banchorr@rakuten.co.jp,1/9/1943
civancevics,Corbie,Ivancevic,Uzbekistan,3/10/2023,717-728-1981,civancevics@virginia.edu,8/12/1941
bspieghtt,Brook,Spieght,Hungary,1/25/2023,729-967-9969,bspieghtt@jalbum.net,12/6/2023
sburryu,Shellysheldon,Burry,Serbia,12/26/2022,474-892-9663,sburryu@google.com.au,6/25/2021
bhousemanv,Bernice,Houseman,Mauritius,8/18/2023,918-547-5607,bhousemanv@stumbleupon.com,6/14/1977
jdudleyw,Jephthah,Dudley,Greece,2/17/2023,961-395-0386,jdudleyw@ask.com,1/10/1955
bludgrovex,Bernadene,Ludgrove,China,11/4/2023,915-945-9082,bludgrovex@github.io,6/6/1981
ejiraseky,Edgardo,Jirasek,Botswana,4/14/2023,653-510-9209,ejiraseky@biglobe.ne.jp,3/30/1941
marlingz,Mildred,Arling,Philippines,5/7/2023,618-414-3126,marlingz@ovh.net,2/24/1992
jgaythor10,Jane,Gaythor,Lithuania,1/22/2023,501-197-5761,jgaythor10@un.org,2/16/2021
vcolumbell11,Vite,Columbell,Russia,9/6/2023,936-229-8956,vcolumbell11@patch.com,9/3/2005
mkinge12,Mirelle,Kinge,Botswana,8/12/2023,457-845-8417,mkinge12@narod.ru,3/27/2023
pmccallion13,Phelia,McCallion,Greece,10/13/2023,582-267-0585,pmccallion13@washington.edu,4/28/1949
cfilchakov14,Constantino,Filchakov,Japan,7/12/2023,906-313-3531,cfilchakov14@opera.com,7/30/1983
wmacneely15,Wittie,MacNeely,China,8/1/2023,979-706-7141,wmacneely15@w3.org,11/27/1983
tsteers16,Terrance,Steers,France,7/12/2023,263-430-5484,tsteers16@simplemachines.org,10/1/1966
cpetrushanko17,Chadd,Petrushanko,South Africa,8/14/2023,469-144-2731,cpetrushanko17@seesaa.net,11/2/1965
mdensun18,Misty,Densun,Czech Republic,2/8/2023,214-229-3335,mdensun18@oaic.gov.au,10/31/1988
rmccormack19,Ruttger,McCormack,Tunisia,8/2/2023,139-781-8534,rmccormack19@foxnews.com,11/27/1988
btasseler1a,Benoit,Tasseler,China,3/22/2023,978-523-0436,btasseler1a@skyrock.com,1/25/2012
osimpkin1b,Olin,Simpkin,Moldova,7/27/2023,983-605-4218,osimpkin1b@linkedin.com,2/6/1960
lkinnar1c,Ly,Kinnar,Canada,11/14/2023,385-320-8894,lkinnar1c@google.nl,3/5/1991
cunderwood1d,Chrisse,Underwood,Vietnam,9/2/2023,106-256-6979,cunderwood1d@techcrunch.com,7/13/1980
cwheway1e,Cayla,Wheway,China,1/26/2023,108-537-3448,cwheway1e@loc.gov,6/30/1997
dsaunder1f,Darwin,Saunder,China,7/15/2023,170-766-4439,dsaunder1f@yellowbook.com,2/18/1992
dcookney1g,Darice,Cookney,Ukraine,11/1/2023,157-862-0045,dcookney1g@sphinn.com,9/20/1993
gpury1h,Gui,Pury,China,6/9/2023,277-179-5889,gpury1h@jigsy.com,11/27/2011
bbecker1i,Britney,Becker,Poland,12/2/2023,738-168-2720,bbecker1i@ning.com,5/13/1947
balthorp1j,Benni,Althorp,Portugal,11/5/2023,977-472-7429,balthorp1j@usgs.gov,6/26/1984
sgulleford1k,Shelbi,Gulleford,Philippines,7/6/2023,132-352-3413,sgulleford1k@admin.ch,8/9/1942
bskipsea1l,Breena,Skipsea,Poland,12/31/2022,946-741-6144,bskipsea1l@tamu.edu,10/30/1995
hratray1m,Hobart,Ratray,Canada,8/26/2023,744-428-2888,hratray1m@drupal.org,2/15/1965
jwarre1n,Jacquette,Warre,Tunisia,1/17/2023,898-854-2264,jwarre1n@si.edu,1/27/1977
npenhaleurack1o,Nathalia,Penhaleurack,Nigeria,11/3/2023,652-907-5258,npenhaleurack1o@seesaa.net,12/8/1960
imurdoch1p,Irene,Murdoch,Ghana,1/20/2023,899-235-9863,imurdoch1p@mediafire.com,1/26/2015
gvennard1q,Gavrielle,Vennard,Venezuela,8/6/2023,723-356-1299,gvennard1q@ibm.com,2/25/2000
llevesque1r,Luella,Levesque,France,5/18/2023,378-753-0024,llevesque1r@examiner.com,5/16/1982
ifranzschoninger1s,Inez,Franz-Schoninger,Dominican Republic,9/25/2023,483-360-7547,ifranzschoninger1s@usgs.gov,10/28/2005
cbowshire1t,Cathie,Bowshire,Sweden,12/13/2022,816-840-1641,cbowshire1t@foxnews.com,7/3/2017
pyankeev1u,Philomena,Yankeev,China,8/11/2023,368-224-6458,pyankeev1u@opensource.org,7/9/2011
wdorant1v,Weider,Dorant,Greece,2/23/2023,302-395-4964,wdorant1v@aol.com,2/17/1952
bferrettini1w,Boony,Ferrettini,South Korea,11/6/2023,423-642-4655,bferrettini1w@shutterfly.com,12/4/1944
lreedie1x,Lissie,Reedie,Tanzania,2/19/2023,213-439-1985,lreedie1x@networkadvertising.org,9/14/1972
fpiwall1y,Fernanda,Piwall,Malawi,7/28/2023,825-210-7559,fpiwall1y@nbcnews.com,3/9/1986
rnewell1z,Roana,Newell,Panama,11/27/2023,977-844-1167,rnewell1z@joomla.org,11/20/1976
nvidloc20,Natalee,Vidloc,Ukraine,1/4/2023,241-851-1568,nvidloc20@nbcnews.com,3/21/1951
ascarsbrick21,Antonina,Scarsbrick,Honduras,10/11/2023,620-867-8806,ascarsbrick21@economist.com,1/16/1960
nhave22,Nelli,Have,Poland,12/30/2022,819-484-7233,nhave22@oracle.com,6/6/1993
kbolton23,Kaye,Bolton,Indonesia,7/12/2023,338-916-9749,kbolton23@un.org,7/5/1942
pcronshaw24,Paco,Cronshaw,China,7/28/2023,111-145-9646,pcronshaw24@google.cn,2/21/2023
gchattelaine25,Gar,Chattelaine,Poland,3/12/2023,430-140-8462,gchattelaine25@wikispaces.com,1/31/1942
brawdall26,Bonnee,Rawdall,Russia,8/22/2023,265-561-0430,brawdall26@ocn.ne.jp,7/31/1987
dsheldrick27,Denis,Sheldrick,Sweden,9/18/2023,676-617-1262,dsheldrick27@i2i.jp,5/5/1953
pdisdel28,Pren,Disdel,United States,11/7/2023,320-273-5057,pdisdel28@apple.com,4/6/2014
dgatcliff29,Dyane,Gatcliff,Indonesia,10/7/2023,312-657-0057,dgatcliff29@cafepress.com,12/9/1986
abythway2a,Averil,Bythway,Brazil,11/5/2023,490-276-1417,abythway2a@geocities.com,12/6/2011
rdartnell2b,Rebekkah,Dartnell,China,4/12/2023,406-704-6836,rdartnell2b@bandcamp.com,2/2/1990
elively2c,Ernesto,Lively,Indonesia,5/31/2023,120-171-3511,elively2c@123-reg.co.uk,3/16/2000
adabbs2d,Ashlen,Dabbs,Russia,11/29/2023,717-968-4804,adabbs2d@disqus.com,11/21/2016
ggayther2e,Gordan,Gayther,Afghanistan,8/25/2023,803-839-1861,ggayther2e@barnesandnoble.com,3/12/1975
iwynn2f,Irwinn,Wynn,Peru,5/2/2023,181-499-1404,iwynn2f@google.co.jp,12/9/2013
rverrico2g,Ramsey,Verrico,China,10/24/2023,506-865-3309,rverrico2g@epa.gov,1/8/1994
aredhouse2h,Abbey,Redhouse,Czech Republic,3/25/2023,555-765-3767,aredhouse2h@bandcamp.com,5/4/1966
gdorward2i,Gannon,Dorward,China,12/19/2022,749-603-1158,gdorward2i@elpais.com,1/5/1967
kree2j,Kimberly,Ree,Indonesia,6/11/2023,818-820-6294,kree2j@freewebs.com,9/6/1957
bbullene2k,Bealle,Bullene,Sweden,12/21/2022,415-655-9583,bbullene2k@360.cn,5/22/1986
ljeannon2l,Loren,Jeannon,Brazil,10/8/2023,143-767-8793,ljeannon2l@cisco.com,11/9/2003
cchansonne2m,Cacilia,Chansonne,Sweden,8/4/2023,723-661-1798,cchansonne2m@google.it,11/7/1986
astpierre2n,Anders,St. Pierre,Yemen,7/14/2023,789-419-0605,astpierre2n@theguardian.com,4/27/1954
mlangthorne2o,Meridel,Langthorne,Peru,7/18/2023,852-961-9357,mlangthorne2o@prnewswire.com,9/16/2017
jmauser2p,Jsandye,Mauser,China,7/22/2023,275-587-2170,jmauser2p@reverbnation.com,9/6/1991
mferraraccio2q,Marina,Ferraraccio,Brazil,12/28/2022,800-211-9910,mferraraccio2q@ning.com,5/1/1960
jpaulot2r,Joline,Paulot,Cuba,3/26/2023,723-841-9623,jpaulot2r@latimes.com,8/14/1960
