researcherID,institution,dataUsed,dateJoined,contactFirstName,contactLastName,contactPhone,contactEmail
1,Global Research Consortium,48,2023-06-08,Kylie,Soane,177-681-4869,ksoane0@homestead.com
2,Institute of Advanced Studies,34,2023-07-08,Cheryl,Waylen,964-741-3064,cwaylen1@stumbleupon.com
3,Center for Research and Development,71,2023-10-28,Lyn,Light,333-573-6227,llight2@hugedomains.com
4,Center for Research and Development,57,2023-03-24,Adelaida,Wasson,442-624-1634,awasson3@mediafire.com
5,Institute of Advanced Studies,15,2023-04-17,Rozanna,Danbi,957-391-9966,rdanbi4@reuters.com
6,Academic Research Center,8,2023-08-29,Raquel,Stemp,555-519-4760,rstemp5@springer.com
7,Scientific Research Council,51,2023-04-29,Morna,Kendell,279-883-9563,mkendell6@soup.io
8,University of Science and Technology,20,2023-02-12,Alyss,Romeuf,684-567-5823,aromeuf7@wix.com
9,University of Science and Technology,33,2023-06-04,Mario,Latore,648-890-9532,mlatore8@nps.gov
10,Academic Research Center,44,2023-01-10,Erick,Fremantle,193-402-5864,efremantle9@xrea.com
11,Scientific Research Council,99,2023-02-19,Charmain,Wigfall,442-130-6502,cwigfalla@xrea.com
12,Institute of Advanced Studies,10,2023-08-24,Leela,Woolley,556-814-5498,lwoolleyb@merriam-webster.com
13,Technology and Innovation Lab,53,2023-04-14,Lenci,Duligal,400-965-2903,lduligalc@dyndns.org
14,Academic Research Center,39,2023-09-20,Theo,Aslin,743-420-2727,taslind@samsung.com
15,Innovation and Technology Institute,45,2023-08-16,Robb,Hiscoke,445-616-6044,rhiscokee@ucoz.ru
16,National Research Institute,22,2023-01-21,Kordula,Quiney,530-898-4520,kquineyf@usatoday.com
17,Academic Research Center,24,2023-05-27,Carrol,Coltart,652-776-9449,ccoltartg@hud.gov
18,Technology and Innovation Lab,46,2023-10-12,Vittoria,Kersaw,889-250-0228,vkersawh@vk.com
19,Center for Research and Development,71,2023-07-04,Sascha,Thackham,420-629-3104,sthackhami@google.ru
20,University of Science and Technology,93,2023-05-07,Dill,Maidens,865-611-6158,dmaidensj@g.co
21,Technology and Innovation Lab,78,2023-11-19,Robbert,Casson,577-755-2819,rcassonk@sogou.com
22,Academic Research Center,1,2023-08-10,Rivalee,MacVicar,386-275-3130,rmacvicarl@independent.co.uk
23,Academic Research Center,4,2023-11-01,Thadeus,Bruckner,379-857-3290,tbrucknerm@sciencedirect.com
24,Technology and Innovation Lab,84,2023-06-18,Yvor,Maddicks,909-792-9022,ymaddicksn@whitehouse.gov
25,Innovation and Technology Institute,4,2023-08-30,Annmarie,Lademann,744-904-0169,alademanno@archive.org
26,International Research Foundation,85,2023-09-09,Trstram,Chesman,169-508-5776,tchesmanp@ask.com
27,Scientific Research Council,36,2023-05-04,Val,Sambiedge,811-370-3265,vsambiedgeq@xing.com
28,Center for Research and Development,81,2023-03-16,Agustin,Gusney,161-154-0868,agusneyr@paypal.com
29,International Research Foundation,56,2023-02-25,Towny,Maywood,539-519-8600,tmaywoods@illinois.edu
30,National Research Institute,98,2023-11-26,Linn,Kock,306-659-1609,lkockt@guardian.co.uk
31,University of Science and Technology,15,2023-05-14,Tann,Draper,495-684-3885,tdraperu@xing.com
32,Global Research Consortium,20,2023-03-25,Lesley,Bartos,680-218-0792,lbartosv@jalbum.net
33,Academic Research Center,17,2023-06-14,Jenifer,Eglise,455-228-7573,jeglisew@craigslist.org
34,Institute of Advanced Studies,41,2023-08-20,Claudell,Haile,666-844-8569,chailex@amazon.com
35,National Research Institute,53,2023-11-23,Giacobo,Blumsom,810-455-4142,gblumsomy@biblegateway.com
36,Academic Research Center,50,2023-05-04,Ravi,Colebourn,777-857-9238,rcolebournz@yale.edu
37,International Research Foundation,33,2023-02-28,Tilly,Stratford,123-699-9907,tstratford10@shinystat.com
38,Scientific Research Council,1,2023-06-21,Hashim,Kemmis,440-376-2495,hkemmis11@unblog.fr
39,Global Research Consortium,24,2023-10-15,Susann,Borris,345-203-9721,sborris12@chron.com
40,Technology and Innovation Lab,33,2022-12-25,Bertie,Coo,276-717-5143,bcoo13@slashdot.org
41,Innovation and Technology Institute,47,2023-05-17,Terence,Knell,845-572-6565,tknell14@blogs.com
42,International Research Foundation,56,2023-01-31,Kleon,Bernardinelli,281-317-2109,kbernardinelli15@salon.com
43,International Research Foundation,72,2023-10-02,Orville,Simkovitz,819-222-7222,osimkovitz16@indiegogo.com
44,Global Research Consortium,28,2023-09-16,Hilly,Cardenoso,300-219-6215,hcardenoso17@parallels.com
45,University of Science and Technology,48,2023-05-21,Terrell,Bentsen,350-896-2935,tbentsen18@networkadvertising.org
46,Scientific Research Council,18,2022-12-11,Hali,Tennison,620-795-7942,htennison19@purevolume.com
47,Academic Research Center,20,2023-06-17,Ulrikaumeko,Banasevich,813-796-0270,ubanasevich1a@unicef.org
48,Global Research Consortium,60,2022-12-11,Breanne,Grooby,598-796-7674,bgrooby1b@whitehouse.gov
49,International Research Foundation,29,2023-10-05,Lorry,Gervaise,850-372-7650,lgervaise1c@icio.us
50,Institute of Advanced Studies,38,2023-11-14,Hadlee,Pibworth,747-162-2147,hpibworth1d@infoseek.co.jp
51,Innovation and Technology Institute,72,2023-08-19,Helena,MacIlriach,835-651-4427,hmacilriach1e@51.la
52,Scientific Research Council,91,2023-07-14,Gan,Haymes,822-603-3570,ghaymes1f@ezinearticles.com
53,Scientific Research Council,33,2023-05-23,Jany,Rowe,938-551-3526,jrowe1g@github.io
54,Institute of Advanced Studies,60,2023-01-05,Ronni,Allwood,416-647-0683,rallwood1h@timesonline.co.uk
55,Academic Research Center,23,2023-02-04,Dewain,Light,762-588-7426,dlight1i@go.com
56,Global Research Consortium,100,2023-06-24,Ailene,Physic,703-617-7189,aphysic1j@tinypic.com
57,International Research Foundation,80,2023-06-28,Virgil,Hoodspeth,452-638-9820,vhoodspeth1k@dailymotion.com
58,Scientific Research Council,39,2023-06-20,Murielle,Benley,555-964-7238,mbenley1l@census.gov
59,National Research Institute,94,2022-12-22,Wally,Brankley,155-879-2133,wbrankley1m@goo.gl
60,Scientific Research Council,73,2023-10-31,Franciska,Stouther,951-903-3817,fstouther1n@loc.gov
61,Academic Research Center,46,2023-08-26,Mischa,Cramp,764-439-4980,mcramp1o@360.cn
62,National Research Institute,20,2023-01-03,Fiann,Kalkofer,536-108-5551,fkalkofer1p@delicious.com
63,Scientific Research Council,90,2023-01-10,Katya,Ailmer,760-821-4023,kailmer1q@accuweather.com
64,Institute of Advanced Studies,32,2023-08-11,Leland,Teresi,656-923-4668,lteresi1r@youtube.com
65,Academic Research Center,51,2023-06-05,Bary,Jeannel,127-134-9192,bjeannel1s@microsoft.com
66,Technology and Innovation Lab,49,2023-01-01,Lishe,Spiaggia,626-909-5486,lspiaggia1t@nasa.gov
67,Scientific Research Council,57,2023-02-12,Hamid,Pedro,162-975-1865,hpedro1u@nifty.com
68,Scientific Research Council,93,2023-07-21,Tonya,Ovitts,829-754-0429,tovitts1v@parallels.com
69,Global Research Consortium,60,2023-07-27,Duffie,Nerheny,405-506-1845,dnerheny1w@cyberchimps.com
70,Institute of Advanced Studies,77,2023-11-29,Ramsay,Medlin,503-657-0276,rmedlin1x@about.me
71,National Research Institute,55,2023-10-30,Jolene,Braiden,356-812-2603,jbraiden1y@dmoz.org
72,Global Research Consortium,43,2022-12-22,Orly,Dwelling,320-374-9324,odwelling1z@cocolog-nifty.com
73,International Research Foundation,5,2023-02-02,Sylvia,Plaster,214-651-5658,splaster20@wp.com
74,Institute of Advanced Studies,72,2023-10-27,Mario,Blenkinship,555-290-0327,mblenkinship21@ox.ac.uk
75,Institute of Advanced Studies,4,2023-06-11,Annnora,Janicek,127-992-5297,ajanicek22@flavors.me
76,Innovation and Technology Institute,43,2023-10-06,Essie,Aronstam,634-511-8977,earonstam23@cornell.edu
77,Academic Research Center,86,2023-03-03,Marena,Turone,568-408-9254,mturone24@ocn.ne.jp
78,Academic Research Center,23,2023-08-24,Nicoli,Motherwell,913-203-7658,nmotherwell25@gravatar.com
79,International Research Foundation,12,2022-12-25,Harold,Houlton,946-991-4672,hhoulton26@nationalgeographic.com
80,Global Research Consortium,82,2023-08-11,Jephthah,Light,438-213-2936,jlight27@github.io
81,University of Science and Technology,51,2023-03-30,Ellene,Jenney,678-180-0010,ejenney28@imageshack.us
82,National Research Institute,30,2023-05-31,Nicolette,Richford,835-523-3728,nrichford29@creativecommons.org
83,Global Research Consortium,55,2023-07-02,Isiahi,Matt,341-245-1580,imatt2a@arstechnica.com
84,Innovation and Technology Institute,38,2023-06-05,Vincents,Boneham,388-776-8374,vboneham2b@go.com
85,International Research Foundation,26,2023-04-16,Dorey,Grahlman,146-571-6999,dgrahlman2c@mozilla.org
86,Global Research Consortium,79,2023-08-17,Tildy,Saltman,197-214-5987,tsaltman2d@fotki.com
87,Center for Research and Development,67,2023-11-21,Jereme,Aldred,109-340-1405,jaldred2e@histats.com
88,Innovation and Technology Institute,49,2023-02-01,Derrik,Pirrey,223-440-1107,dpirrey2f@jugem.jp
89,University of Science and Technology,84,2023-02-14,Agace,Kilshaw,333-844-4113,akilshaw2g@webnode.com
90,National Research Institute,92,2023-11-25,Minda,Durrad,551-885-1570,mdurrad2h@statcounter.com
91,Global Research Consortium,47,2022-12-13,Giovanna,Gentile,866-539-9478,ggentile2i@jimdo.com
92,Innovation and Technology Institute,90,2023-07-15,Kimbra,Dunk,269-919-2941,kdunk2j@google.fr
93,Academic Research Center,7,2023-08-29,Wadsworth,Allworthy,830-195-0798,wallworthy2k@shareasale.com
94,University of Science and Technology,79,2023-05-20,Oneida,Mc-Kerley,981-723-3117,omckerley2l@jugem.jp
95,Center for Research and Development,76,2023-08-29,Franni,Courvert,858-502-3743,fcourvert2m@tiny.cc
96,Center for Research and Development,62,2023-10-20,Roy,Dory,806-974-0559,rdory2n@joomla.org
97,Institute of Advanced Studies,8,2023-04-18,Clayborn,Gawkes,266-566-8231,cgawkes2o@smugmug.com
98,Innovation and Technology Institute,20,2023-10-26,Dionne,Dripp,651-308-0557,ddripp2p@flavors.me
99,Institute of Advanced Studies,19,2023-04-09,Nevile,Barrack,918-227-7186,nbarrack2q@google.com.au
100,Institute of Advanced Studies,15,2022-12-09,Lily,Grigs,233-574-1577,lgrigs2r@go.com
